CATEGORY,WORD
CARE.VIRTUE,ALLEVIATE (1)
CARE.VIRTUE,ALLEVIATED (1)
CARE.VIRTUE,ALLEVIATES (1)
CARE.VIRTUE,ALLEVIATING (1)
CARE.VIRTUE,ALLEVIATION (1)
CARE.VIRTUE,ALTRUISM (1)
CARE.VIRTUE,ALTRUIST (1)
CARE.VIRTUE,BENEFICENCE (1)
CARE.VIRTUE,BENEFICIARY (1)
CARE.VIRTUE,BENEFIT (1)
CARE.VIRTUE,BENEFITS (1)
CARE.VIRTUE,BENEFITTED (1)
CARE.VIRTUE,BENEFITTING (1)
CARE.VIRTUE,BENEVOLENCE (1)
CARE.VIRTUE,BENEVOLENT (1)
CARE.VIRTUE,CARE (1)
CARE.VIRTUE,CARED (1)
CARE.VIRTUE,CAREGIVER (1)
CARE.VIRTUE,CARES (1)
CARE.VIRTUE,CARING (1)
CARE.VIRTUE,CARINGLY (1)
CARE.VIRTUE,CHARITABLE (1)
CARE.VIRTUE,CHARITY (1)
CARE.VIRTUE,CHILD (1)
CARE.VIRTUE,CHILDBEARING (1)
CARE.VIRTUE,CHILDBIRTH (1)
CARE.VIRTUE,CHILDCARE (1)
CARE.VIRTUE,CHILDHOOD (1)
CARE.VIRTUE,CLOTHE (1)
CARE.VIRTUE,COMFORT (1)
CARE.VIRTUE,COMFORTED (1)
CARE.VIRTUE,COMFORTING (1)
CARE.VIRTUE,COMPASSION (1)
CARE.VIRTUE,COMPASSIONATE (1)
CARE.VIRTUE,COMPASSIONATELY (1)
CARE.VIRTUE,CONDOLENCE (1)
CARE.VIRTUE,CONDOLENCES (1)
CARE.VIRTUE,CONSOLE (1)
CARE.VIRTUE,CONSOLED (1)
CARE.VIRTUE,CONSOLES (1)
CARE.VIRTUE,CONSOLING (1)
CARE.VIRTUE,CONSOLINGLY (1)
CARE.VIRTUE,EMPATHISED (1)
CARE.VIRTUE,EMPATHISES (1)
CARE.VIRTUE,EMPATHISING (1)
CARE.VIRTUE,EMPATHIZE (1)
CARE.VIRTUE,EMPATHIZED (1)
CARE.VIRTUE,EMPATHIZERS (1)
CARE.VIRTUE,EMPATHIZES (1)
CARE.VIRTUE,EMPATHIZING (1)
CARE.VIRTUE,EMPATHY (1)
CARE.VIRTUE,FEED (1)
CARE.VIRTUE,FEEDER (1)
CARE.VIRTUE,FEEDING (1)
CARE.VIRTUE,FEEDS (1)
CARE.VIRTUE,GENEROSITY (1)
CARE.VIRTUE,GENEROUS (1)
CARE.VIRTUE,GENEROUSLY (1)
CARE.VIRTUE,GENTLENESS (1)
CARE.VIRTUE,HEAL (1)
CARE.VIRTUE,HEALED (1)
CARE.VIRTUE,HEALER (1)
CARE.VIRTUE,HEALERS (1)
CARE.VIRTUE,HEALING (1)
CARE.VIRTUE,HEALS (1)
CARE.VIRTUE,HEALTH (1)
CARE.VIRTUE,HEALTHCARE (1)
CARE.VIRTUE,HEALTHIER (1)
CARE.VIRTUE,HEALTHINESS (1)
CARE.VIRTUE,HEALTHY (1)
CARE.VIRTUE,HELP (1)
CARE.VIRTUE,HELPED (1)
CARE.VIRTUE,HELPER (1)
CARE.VIRTUE,HELPERS (1)
CARE.VIRTUE,HELPFUL (1)
CARE.VIRTUE,HELPFULNESS (1)
CARE.VIRTUE,HELPING (1)
CARE.VIRTUE,HELPS (1)
CARE.VIRTUE,HOSPITABLE (1)
CARE.VIRTUE,HOSPITAL (1)
CARE.VIRTUE,HOSPITALISE (1)
CARE.VIRTUE,HOSPITALISES (1)
CARE.VIRTUE,HOSPITALISING (1)
CARE.VIRTUE,HOSPITALITY (1)
CARE.VIRTUE,HOSPITALIZATION (1)
CARE.VIRTUE,HOSPITALIZE (1)
CARE.VIRTUE,HOSPITALIZED (1)
CARE.VIRTUE,HOSPITALIZES (1)
CARE.VIRTUE,HOSPITALIZING (1)
CARE.VIRTUE,HUG (1)
CARE.VIRTUE,HUGGED (1)
CARE.VIRTUE,HUGGER (1)
CARE.VIRTUE,HUGGING (1)
CARE.VIRTUE,HUGS (1)
CARE.VIRTUE,HUMANE (1)
CARE.VIRTUE,KINDNESS (1)
CARE.VIRTUE,LOVE (1)
CARE.VIRTUE,LOVED (1)
CARE.VIRTUE,LOVER (1)
CARE.VIRTUE,LOVES (1)
CARE.VIRTUE,LOVING (1)
CARE.VIRTUE,LOVINGLY (1)
CARE.VIRTUE,MERCIFUL (1)
CARE.VIRTUE,MERCY (1)
CARE.VIRTUE,MOMMY (1)
CARE.VIRTUE,MOTHER (1)
CARE.VIRTUE,MOTHERED (1)
CARE.VIRTUE,MOTHERHOOD (1)
CARE.VIRTUE,MOTHERING (1)
CARE.VIRTUE,MOTHERLY (1)
CARE.VIRTUE,MOTHERS (1)
CARE.VIRTUE,NURSE (1)
CARE.VIRTUE,NURSED (1)
CARE.VIRTUE,NURSEMAID (1)
CARE.VIRTUE,NURSERY (1)
CARE.VIRTUE,NURSES (1)
CARE.VIRTUE,NURSING (1)
CARE.VIRTUE,NURTURANCE (1)
CARE.VIRTUE,NURTURE (1)
CARE.VIRTUE,NURTURED (1)
CARE.VIRTUE,NURTURER (1)
CARE.VIRTUE,NURTURERS (1)
CARE.VIRTUE,NURTURES (1)
CARE.VIRTUE,NURTURING (1)
CARE.VIRTUE,PARENTING (1)
CARE.VIRTUE,PATIENT (1)
CARE.VIRTUE,PATIENTS (1)
CARE.VIRTUE,PITIED (1)
CARE.VIRTUE,PITIES (1)
CARE.VIRTUE,PITY (1)
CARE.VIRTUE,PITYING (1)
CARE.VIRTUE,PITYINGLY (1)
CARE.VIRTUE,PROTECT (1)
CARE.VIRTUE,PROTECTED (1)
CARE.VIRTUE,PROTECTER (1)
CARE.VIRTUE,PROTECTERS (1)
CARE.VIRTUE,PROTECTING (1)
CARE.VIRTUE,PROTECTION (1)
CARE.VIRTUE,PROTECTIVE (1)
CARE.VIRTUE,PROTECTIVENESS (1)
CARE.VIRTUE,PROTECTOR (1)
CARE.VIRTUE,PROTECTORATE (1)
CARE.VIRTUE,PROTECTS (1)
CARE.VIRTUE,RELIEF (1)
CARE.VIRTUE,RELIEVE (1)
CARE.VIRTUE,RELIEVED (1)
CARE.VIRTUE,RELIEVER (1)
CARE.VIRTUE,RELIEVERS (1)
CARE.VIRTUE,RELIEVES (1)
CARE.VIRTUE,RELIEVING (1)
CARE.VIRTUE,RESCUE (1)
CARE.VIRTUE,RESCUED (1)
CARE.VIRTUE,RESCUER (1)
CARE.VIRTUE,RESCUERS (1)
CARE.VIRTUE,RESCUES (1)
CARE.VIRTUE,RESCUING (1)
CARE.VIRTUE,SAFE (1)
CARE.VIRTUE,SAFEGUARD (1)
CARE.VIRTUE,SAFEKEEPING (1)
CARE.VIRTUE,SAFELY (1)
CARE.VIRTUE,SAFENESS (1)
CARE.VIRTUE,SAFETY (1)
CARE.VIRTUE,SHARE (1)
CARE.VIRTUE,SHARED (1)
CARE.VIRTUE,SHARER (1)
CARE.VIRTUE,SHARES (1)
CARE.VIRTUE,SHARING (1)
CARE.VIRTUE,SOLACE (1)
CARE.VIRTUE,SYMPATHIZE (1)
CARE.VIRTUE,SYMPATHIZER (1)
CARE.VIRTUE,SYMPATHIZERS (1)
CARE.VIRTUE,SYMPATHIZING (1)
CARE.VIRTUE,SYMPATHY (1)
CARE.VIRTUE,UNHARMED (1)
CARE.VIRTUE,UNHARMFUL (1)
CARE.VIRTUE,VULNERABILITY (1)
CARE.VIRTUE,VULNERABLE (1)
CARE.VIRTUE,WARMHEARTED (1)
CARE.VIRTUE,WOUND (1)
CARE.VIRTUE,WOUNDED (1)
CARE.VIRTUE,WOUNDING (1)
CARE.VIRTUE,WOUNDS (1)
CARE.VICE,ABUSED (1)
CARE.VICE,ABUSER (1)
CARE.VICE,ABUSERS (1)
CARE.VICE,ABUSES (1)
CARE.VICE,ABUSING (1)
CARE.VICE,ACHE (1)
CARE.VICE,ACHED (1)
CARE.VICE,ACHES (1)
CARE.VICE,ACHING (1)
CARE.VICE,ACHINGLY (1)
CARE.VICE,AFFLICT (1)
CARE.VICE,AFFLICTED (1)
CARE.VICE,AFFLICTION (1)
CARE.VICE,AFFLICTIONS (1)
CARE.VICE,AFFLICTS (1)
CARE.VICE,AGONIZE (1)
CARE.VICE,AGONIZED (1)
CARE.VICE,AGONIZING (1)
CARE.VICE,AGONIZINGLY (1)
CARE.VICE,AGONY (1)
CARE.VICE,ANGUISH (1)
CARE.VICE,ANGUISHED (1)
CARE.VICE,ANGUISHES (1)
CARE.VICE,ANGUISHING (1)
CARE.VICE,ANNIHILATE (1)
CARE.VICE,ANNIHILATED (1)
CARE.VICE,ANNIHILATES (1)
CARE.VICE,ANNIHILATION (1)
CARE.VICE,ANNIHILATOR (1)
CARE.VICE,ASSASSIN (1)
CARE.VICE,ASSASSINATE (1)
CARE.VICE,ASSASSINATED (1)
CARE.VICE,ASSASSINATES (1)
CARE.VICE,ASSASSINATING (1)
CARE.VICE,ASSASSINATION (1)
CARE.VICE,ASSASSINATIONS (1)
CARE.VICE,ASSASSINS (1)
CARE.VICE,ASSAULT (1)
CARE.VICE,ASSAULTED (1)
CARE.VICE,ASSAULTER (1)
CARE.VICE,ASSAULTERS (1)
CARE.VICE,ASSAULTING (1)
CARE.VICE,ASSAULTS (1)
CARE.VICE,ATTACK (1)
CARE.VICE,ATTACKED (1)
CARE.VICE,ATTACKER (1)
CARE.VICE,ATTACKERS (1)
CARE.VICE,ATTACKS (1)
CARE.VICE,BRUTALISATION (1)
CARE.VICE,BRUTALISE (1)
CARE.VICE,BRUTALISES (1)
CARE.VICE,BRUTALITY (1)
CARE.VICE,BRUTALIZATION (1)
CARE.VICE,BRUTALIZE (1)
CARE.VICE,BRUTALIZED (1)
CARE.VICE,BRUTALIZES (1)
CARE.VICE,BRUTALIZING (1)
CARE.VICE,BULLIED (1)
CARE.VICE,BULLIES (1)
CARE.VICE,BULLY (1)
CARE.VICE,BULLYBOY (1)
CARE.VICE,BULLYING (1)
CARE.VICE,CARNAGE (1)
CARE.VICE,CASUALTIES (1)
CARE.VICE,CASUALTY (1)
CARE.VICE,COLDHEARTED (1)
CARE.VICE,CRIED (1)
CARE.VICE,CRIER (1)
CARE.VICE,CRIES (1)
CARE.VICE,CRUEL (1)
CARE.VICE,CRUELNESS (1)
CARE.VICE,CRUELTY (1)
CARE.VICE,CRYING (1)
CARE.VICE,DAMAGE (1)
CARE.VICE,DAMAGED (1)
CARE.VICE,DAMAGER (1)
CARE.VICE,DAMAGES (1)
CARE.VICE,DAMAGING (1)
CARE.VICE,DESTROY (1)
CARE.VICE,DESTROYED (1)
CARE.VICE,DESTROYER (1)
CARE.VICE,DESTROYERS (1)
CARE.VICE,DESTROYING (1)
CARE.VICE,DESTROYS (1)
CARE.VICE,DESTRUCTION (1)
CARE.VICE,DIE (1)
CARE.VICE,DISCOMFORT (1)
CARE.VICE,DISCOMFORTED (1)
CARE.VICE,DISCOMFORTING (1)
CARE.VICE,DISCOMFORTS (1)
CARE.VICE,DISTRESS (1)
CARE.VICE,DISTRESSED (1)
CARE.VICE,DISTRESSES (1)
CARE.VICE,DISTRESSING (1)
CARE.VICE,DISTRESSINGLY (1)
CARE.VICE,DURESS (1)
CARE.VICE,ENDANGER (1)
CARE.VICE,ENDANGERED (1)
CARE.VICE,ENDANGERING (1)
CARE.VICE,ENDANGERS (1)
CARE.VICE,EXPLOIT (1)
CARE.VICE,EXPLOITATION (1)
CARE.VICE,EXPLOITED (1)
CARE.VICE,EXPLOITER (1)
CARE.VICE,EXPLOITERS (1)
CARE.VICE,EXPLOITING (1)
CARE.VICE,EXPLOITS (1)
CARE.VICE,FATALITIES (1)
CARE.VICE,FATALITY (1)
CARE.VICE,FIGHT (1)
CARE.VICE,FIGHTER (1)
CARE.VICE,FIGHTERS (1)
CARE.VICE,FIGHTING (1)
CARE.VICE,FIGHTS (1)
CARE.VICE,GENOCIDAL (1)
CARE.VICE,GENOCIDE (1)
CARE.VICE,GENOCIDES (1)
CARE.VICE,HARASS (1)
CARE.VICE,HARASSED (1)
CARE.VICE,HARASSER (1)
CARE.VICE,HARASSERS (1)
CARE.VICE,HARASSES (1)
CARE.VICE,HARASSING (1)
CARE.VICE,HARASSMENT (1)
CARE.VICE,HARM (1)
CARE.VICE,HARMED (1)
CARE.VICE,HARMFUL (1)
CARE.VICE,HARMFULNESS (1)
CARE.VICE,HARMING (1)
CARE.VICE,HARMS (1)
CARE.VICE,HARSH (1)
CARE.VICE,HARSHER (1)
CARE.VICE,HARSHNESS (1)
CARE.VICE,HUNGER (1)
CARE.VICE,HUNGERED (1)
CARE.VICE,HUNGERING (1)
CARE.VICE,HUNGERS (1)
CARE.VICE,HURT (1)
CARE.VICE,HURTFUL (1)
CARE.VICE,HURTING (1)
CARE.VICE,HURTS (1)
CARE.VICE,INFLICT (1)
CARE.VICE,INFLICTED (1)
CARE.VICE,INFLICTING (1)
CARE.VICE,INFLICTS (1)
CARE.VICE,INHOSPITABLE (1)
CARE.VICE,INHOSPITALITY (1)
CARE.VICE,INHUMAN (1)
CARE.VICE,INHUMANITY (1)
CARE.VICE,INJURED (1)
CARE.VICE,INJURER (1)
CARE.VICE,INJURERS (1)
CARE.VICE,INJURES (1)
CARE.VICE,INJURING (1)
CARE.VICE,INJURIOUS (1)
CARE.VICE,INJURY (1)
CARE.VICE,KILL (1)
CARE.VICE,KILLED (1)
CARE.VICE,KILLER (1)
CARE.VICE,KILLERS (1)
CARE.VICE,KILLING (1)
CARE.VICE,KILLS (1)
CARE.VICE,MALEVOLENCE (1)
CARE.VICE,MALEVOLENT (1)
CARE.VICE,MALTREAT (1)
CARE.VICE,MALTREATED (1)
CARE.VICE,MALTREATING (1)
CARE.VICE,MALTREATMENT (1)
CARE.VICE,MANHANDLE (1)
CARE.VICE,MANHANDLES (1)
CARE.VICE,MISTREAT (1)
CARE.VICE,MISTREATED (1)
CARE.VICE,MISTREATING (1)
CARE.VICE,MISTREATMENT (1)
CARE.VICE,MISTREATS (1)
CARE.VICE,MOLEST (1)
CARE.VICE,MOLESTATION (1)
CARE.VICE,MOLESTED (1)
CARE.VICE,MOLESTER (1)
CARE.VICE,MOLESTERS (1)
CARE.VICE,MOLESTING (1)
CARE.VICE,MOLESTS (1)
CARE.VICE,MURDER (1)
CARE.VICE,MURDERED (1)
CARE.VICE,MURDERER (1)
CARE.VICE,MURDERERS (1)
CARE.VICE,MURDERESS (1)
CARE.VICE,MURDERING (1)
CARE.VICE,MURDEROUS (1)
CARE.VICE,MURDERS (1)
CARE.VICE,NEEDIER (1)
CARE.VICE,NEEDINESS (1)
CARE.VICE,NEEDY (1)
CARE.VICE,PAIN (1)
CARE.VICE,PAINED (1)
CARE.VICE,PAINFULNESS (1)
CARE.VICE,PAINING (1)
CARE.VICE,PAINS (1)
CARE.VICE,PERSECUTE (1)
CARE.VICE,PERSECUTED (1)
CARE.VICE,PERSECUTES (1)
CARE.VICE,PERSECUTING (1)
CARE.VICE,PERSECUTION (1)
CARE.VICE,PUNCH (1)
CARE.VICE,PUNCHED (1)
CARE.VICE,PUNCHER (1)
CARE.VICE,PUNCHERS (1)
CARE.VICE,PUNCHES (1)
CARE.VICE,PUNCHING (1)
CARE.VICE,RAPE (1)
CARE.VICE,RAPED (1)
CARE.VICE,RAPES (1)
CARE.VICE,RAPING (1)
CARE.VICE,RAPIST (1)
CARE.VICE,RAPISTS (1)
CARE.VICE,RAVAGE (1)
CARE.VICE,RAVAGED (1)
CARE.VICE,RAVAGES (1)
CARE.VICE,RAVAGING (1)
CARE.VICE,SMITE (1)
CARE.VICE,SMOTHER (1)
CARE.VICE,SMOTHERED (1)
CARE.VICE,SMOTHERING (1)
CARE.VICE,SMOTHERS (1)
CARE.VICE,SORROW (1)
CARE.VICE,SORROWFUL (1)
CARE.VICE,SORROWS (1)
CARE.VICE,STABBED (1)
CARE.VICE,STABBER (1)
CARE.VICE,STABBERS (1)
CARE.VICE,STABBING (1)
CARE.VICE,STABS (1)
CARE.VICE,SUFFER (1)
CARE.VICE,SUFFERED (1)
CARE.VICE,SUFFERER (1)
CARE.VICE,SUFFERERS (1)
CARE.VICE,SUFFERING (1)
CARE.VICE,SUFFERS (1)
CARE.VICE,THREAT (1)
CARE.VICE,THREATEN (1)
CARE.VICE,THREATENED (1)
CARE.VICE,THREATENING (1)
CARE.VICE,THREATENINGLY (1)
CARE.VICE,THREATENS (1)
CARE.VICE,THREATS (1)
CARE.VICE,TORMENT (1)
CARE.VICE,TORMENTED (1)
CARE.VICE,TORMENTER (1)
CARE.VICE,TORMENTERS (1)
CARE.VICE,TORMENTING (1)
CARE.VICE,TORMENTOR (1)
CARE.VICE,TORMENTS (1)
CARE.VICE,TORTURE (1)
CARE.VICE,TORTURED (1)
CARE.VICE,TORTURER (1)
CARE.VICE,TORTURERS (1)
CARE.VICE,TORTURES (1)
CARE.VICE,TORTURING (1)
CARE.VICE,TORTUROUS (1)
CARE.VICE,TRIBULATION (1)
CARE.VICE,TRIBULATIONS (1)
CARE.VICE,UNCARING (1)
CARE.VICE,UNCARINGLY (1)
CARE.VICE,UNCHARITABLE (1)
CARE.VICE,UNCOMPASSIONATE (1)
CARE.VICE,UNGENEROUS (1)
CARE.VICE,UNHELPFUL (1)
CARE.VICE,UNHELPFULNESS (1)
CARE.VICE,UNKIND (1)
CARE.VICE,UNKINDNESS (1)
CARE.VICE,UNMERCIFUL (1)
CARE.VICE,VICTIM (1)
CARE.VICE,VICTIMISES (1)
CARE.VICE,VICTIMIZATION (1)
CARE.VICE,VICTIMIZE (1)
CARE.VICE,VICTIMIZER (1)
CARE.VICE,VICTIMIZERS (1)
CARE.VICE,VICTIMIZES (1)
CARE.VICE,VICTIMIZING (1)
CARE.VICE,VICTIMS (1)
CARE.VICE,VIOLENCE (1)
CARE.VICE,VIOLENT (1)
CARE.VICE,VULNERABILITY (1)
CARE.VICE,VULNERABLE (1)
CARE.VICE,WOUND (1)
CARE.VICE,WOUNDED (1)
CARE.VICE,WOUNDING (1)
CARE.VICE,WOUNDS (1)
FAIRNESS.VIRTUE,AVENGE (1)
FAIRNESS.VIRTUE,AVENGED (1)
FAIRNESS.VIRTUE,AVENGER (1)
FAIRNESS.VIRTUE,AVENGERS (1)
FAIRNESS.VIRTUE,AVENGES (1)
FAIRNESS.VIRTUE,AVENGING (1)
FAIRNESS.VIRTUE,BEEN_OBJECTIVE (1)
FAIRNESS.VIRTUE,BEING_OBJECTIVE (1)
FAIRNESS.VIRTUE,CIVIL_RIGHT (1)
FAIRNESS.VIRTUE,CIVIL_RIGHTS (1)
FAIRNESS.VIRTUE,COMPENSATE (1)
FAIRNESS.VIRTUE,COMPENSATED (1)
FAIRNESS.VIRTUE,COMPENSATES (1)
FAIRNESS.VIRTUE,COMPENSATING (1)
FAIRNESS.VIRTUE,COMPENSATION (1)
FAIRNESS.VIRTUE,DO_UNTO_OTHERS (1)
FAIRNESS.VIRTUE,DUE_PROCESS (1)
FAIRNESS.VIRTUE,DUE_PROCESSES (1)
FAIRNESS.VIRTUE,DUE_PROCESSING (1)
FAIRNESS.VIRTUE,DUES (1)
FAIRNESS.VIRTUE,EGALITARIAN (1)
FAIRNESS.VIRTUE,EGALITARIANS (1)
FAIRNESS.VIRTUE,EQUAL (1)
FAIRNESS.VIRTUE,EQUALITIES (1)
FAIRNESS.VIRTUE,EQUALITY (1)
FAIRNESS.VIRTUE,EQUALIZE (1)
FAIRNESS.VIRTUE,EQUALIZER (1)
FAIRNESS.VIRTUE,EQUALIZERS (1)
FAIRNESS.VIRTUE,EQUALS (1)
FAIRNESS.VIRTUE,EQUITABLE (1)
FAIRNESS.VIRTUE,EQUITIES (1)
FAIRNESS.VIRTUE,EQUITY (1)
FAIRNESS.VIRTUE,EYE_FOR_AN_EYE (1)
FAIRNESS.VIRTUE,FAIR (1)
FAIRNESS.VIRTUE,FAIRMINDED (1)
FAIRNESS.VIRTUE,FAIRNESS (1)
FAIRNESS.VIRTUE,FAIRPLAY (1)
FAIRNESS.VIRTUE,GOLDEN_RULE (1)
FAIRNESS.VIRTUE,HONEST (1)
FAIRNESS.VIRTUE,HONESTY (1)
FAIRNESS.VIRTUE,IMPARTIAL (1)
FAIRNESS.VIRTUE,IMPARTIALITY (1)
FAIRNESS.VIRTUE,INTEGRITY (1)
FAIRNESS.VIRTUE,JUSTICE (1)
FAIRNESS.VIRTUE,JUSTICES (1)
FAIRNESS.VIRTUE,JUSTIFICATION (1)
FAIRNESS.VIRTUE,JUSTIFIED (1)
FAIRNESS.VIRTUE,JUSTIFIES (1)
FAIRNESS.VIRTUE,JUSTIFY (1)
FAIRNESS.VIRTUE,JUSTIFYING (1)
FAIRNESS.VIRTUE,JUSTNESS (1)
FAIRNESS.VIRTUE,KARMA (1)
FAIRNESS.VIRTUE,LAW (1)
FAIRNESS.VIRTUE,LAWFUL (1)
FAIRNESS.VIRTUE,LAWFULLY (1)
FAIRNESS.VIRTUE,LAWS (1)
FAIRNESS.VIRTUE,LAWYER (1)
FAIRNESS.VIRTUE,LAWYERED (1)
FAIRNESS.VIRTUE,LAWYERING (1)
FAIRNESS.VIRTUE,LAWYERS (1)
FAIRNESS.VIRTUE,LEVEL_PLAYING_FIELD (1)
FAIRNESS.VIRTUE,LEVEL_PLAYING_FIELDS (1)
FAIRNESS.VIRTUE,LEVEL_THE_PLAYING_FIELD (1)
FAIRNESS.VIRTUE,LEVELS_THE_PLAYING_FIELD (1)
FAIRNESS.VIRTUE,OBJECTIVENESS (1)
FAIRNESS.VIRTUE,PARITY (1)
FAIRNESS.VIRTUE,PAY_BACK (1)
FAIRNESS.VIRTUE,PAYBACK (1)
FAIRNESS.VIRTUE,PROPORTIONAL (1)
FAIRNESS.VIRTUE,PROPORTIONALITY (1)
FAIRNESS.VIRTUE,RECIPROCAL (1)
FAIRNESS.VIRTUE,RECIPROCITY (1)
FAIRNESS.VIRTUE,REFEREE (1)
FAIRNESS.VIRTUE,REFEREED (1)
FAIRNESS.VIRTUE,REFEREEING (1)
FAIRNESS.VIRTUE,REFEREES (1)
FAIRNESS.VIRTUE,REPAID (1)
FAIRNESS.VIRTUE,REPARATION (1)
FAIRNESS.VIRTUE,REPARATIONS (1)
FAIRNESS.VIRTUE,REPAY (1)
FAIRNESS.VIRTUE,REPAYING (1)
FAIRNESS.VIRTUE,REPAYMENT (1)
FAIRNESS.VIRTUE,REPAYMENTS (1)
FAIRNESS.VIRTUE,REPAYS (1)
FAIRNESS.VIRTUE,RESTITUTION (1)
FAIRNESS.VIRTUE,RETALIATE (1)
FAIRNESS.VIRTUE,RETALIATED (1)
FAIRNESS.VIRTUE,RETALIATES (1)
FAIRNESS.VIRTUE,RETALIATING (1)
FAIRNESS.VIRTUE,RETALIATION (1)
FAIRNESS.VIRTUE,RETRIBUTION (1)
FAIRNESS.VIRTUE,RETRIBUTIONS (1)
FAIRNESS.VIRTUE,REVENGE (1)
FAIRNESS.VIRTUE,REVENGER (1)
FAIRNESS.VIRTUE,RIGHTS (1)
FAIRNESS.VIRTUE,SPORTSMANSHIP (1)
FAIRNESS.VIRTUE,SQUARE_DEAL (1)
FAIRNESS.VIRTUE,SQUARE_DEALER (1)
FAIRNESS.VIRTUE,SQUARE_DEALERS (1)
FAIRNESS.VIRTUE,SQUARE_DEALING (1)
FAIRNESS.VIRTUE,SQUARE_DEALS (1)
FAIRNESS.VIRTUE,TIT_FOR_TAT (1)
FAIRNESS.VIRTUE,TRIBUNAL (1)
FAIRNESS.VIRTUE,TRIBUNALS (1)
FAIRNESS.VIRTUE,TRUST (1)
FAIRNESS.VIRTUE,TRUSTED (1)
FAIRNESS.VIRTUE,TRUSTING (1)
FAIRNESS.VIRTUE,TRUSTS (1)
FAIRNESS.VIRTUE,TRUSTWORTHINESS (1)
FAIRNESS.VIRTUE,TRUSTWORTHY (1)
FAIRNESS.VIRTUE,UNBIAS (1)
FAIRNESS.VIRTUE,UNBIASED (1)
FAIRNESS.VIRTUE,UNPREJUDICED (1)
FAIRNESS.VIRTUE,VENGEANCE (1)
FAIRNESS.VIRTUE,WILL_SHARE (1)
FAIRNESS.VICE,AM_PARTIAL (1)
FAIRNESS.VICE,BAMBOOZLE (1)
FAIRNESS.VICE,BAMBOOZLED (1)
FAIRNESS.VICE,BAMBOOZLES (1)
FAIRNESS.VICE,BAMBOOZLING (1)
FAIRNESS.VICE,BE_PARTIAL (1)
FAIRNESS.VICE,BEEN_PARTIAL (1)
FAIRNESS.VICE,BEHIND_THEIR_BACK (1)
FAIRNESS.VICE,BEHIND_THEIR_BACKS (1)
FAIRNESS.VICE,BEING_PARTIAL (1)
FAIRNESS.VICE,BETRAY (1)
FAIRNESS.VICE,BETRAYAL (1)
FAIRNESS.VICE,BETRAYED (1)
FAIRNESS.VICE,BETRAYER (1)
FAIRNESS.VICE,BETRAYERS (1)
FAIRNESS.VICE,BETRAYING (1)
FAIRNESS.VICE,BETRAYS (1)
FAIRNESS.VICE,BIAS (1)
FAIRNESS.VICE,BIASED (1)
FAIRNESS.VICE,BIASES (1)
FAIRNESS.VICE,BIASING (1)
FAIRNESS.VICE,BIGOT (1)
FAIRNESS.VICE,BIGOTED (1)
FAIRNESS.VICE,BIGOTS (1)
FAIRNESS.VICE,BILK (1)
FAIRNESS.VICE,BILKED (1)
FAIRNESS.VICE,BILKING (1)
FAIRNESS.VICE,BILKS (1)
FAIRNESS.VICE,BLACKMAIL (1)
FAIRNESS.VICE,BLACKMAILED (1)
FAIRNESS.VICE,BLACKMAILER (1)
FAIRNESS.VICE,BLACKMAILERS (1)
FAIRNESS.VICE,BLACKMAILING (1)
FAIRNESS.VICE,BLACKMAILS (1)
FAIRNESS.VICE,CHAUVINISTS (1)
FAIRNESS.VICE,CHEAT (1)
FAIRNESS.VICE,CHEATED (1)
FAIRNESS.VICE,CHEATER (1)
FAIRNESS.VICE,CHEATERS (1)
FAIRNESS.VICE,CHEATING (1)
FAIRNESS.VICE,CHEATS (1)
FAIRNESS.VICE,CON_ARTIST (1)
FAIRNESS.VICE,CON_ARTISTS (1)
FAIRNESS.VICE,CONNIVE (1)
FAIRNESS.VICE,CONNIVED (1)
FAIRNESS.VICE,CONNIVER (1)
FAIRNESS.VICE,CONNIVERS (1)
FAIRNESS.VICE,CONNIVES (1)
FAIRNESS.VICE,CONNIVING (1)
FAIRNESS.VICE,CROOK (1)
FAIRNESS.VICE,CROOKED (1)
FAIRNESS.VICE,CROOKS (1)
FAIRNESS.VICE,DECEIT (1)
FAIRNESS.VICE,DECEIVE (1)
FAIRNESS.VICE,DECEIVED (1)
FAIRNESS.VICE,DECEIVER (1)
FAIRNESS.VICE,DECEIVERS (1)
FAIRNESS.VICE,DECEIVES (1)
FAIRNESS.VICE,DECEIVING (1)
FAIRNESS.VICE,DECEIVINGLY (1)
FAIRNESS.VICE,DECEPTION (1)
FAIRNESS.VICE,DEFRAUD (1)
FAIRNESS.VICE,DEFRAUDED (1)
FAIRNESS.VICE,DEFRAUDER (1)
FAIRNESS.VICE,DEFRAUDERS (1)
FAIRNESS.VICE,DEFRAUDING (1)
FAIRNESS.VICE,DEFRAUDS (1)
FAIRNESS.VICE,DID_ROB (1)
FAIRNESS.VICE,DISADVANTAGED (1)
FAIRNESS.VICE,DISCRIMINATE (1)
FAIRNESS.VICE,DISCRIMINATED (1)
FAIRNESS.VICE,DISCRIMINATES (1)
FAIRNESS.VICE,DISCRIMINATING (1)
FAIRNESS.VICE,DISCRIMINATION (1)
FAIRNESS.VICE,DISHONEST (1)
FAIRNESS.VICE,DISHONESTY (1)
FAIRNESS.VICE,DISPARITY (1)
FAIRNESS.VICE,DISPROPORTION (1)
FAIRNESS.VICE,DISPROPORTIONATE (1)
FAIRNESS.VICE,DISPROPORTIONATELY (1)
FAIRNESS.VICE,DISPROPORTIONED (1)
FAIRNESS.VICE,DISPROPORTIONS (1)
FAIRNESS.VICE,DISTRUST (1)
FAIRNESS.VICE,DISTRUSTED (1)
FAIRNESS.VICE,DISTRUSTFUL (1)
FAIRNESS.VICE,DISTRUSTING (1)
FAIRNESS.VICE,DISTRUSTS (1)
FAIRNESS.VICE,DOUBLE_CROSS (1)
FAIRNESS.VICE,DOUBLE_CROSSED (1)
FAIRNESS.VICE,DOUBLE_CROSSER (1)
FAIRNESS.VICE,DOUBLE_CROSSERS (1)
FAIRNESS.VICE,DOUBLE_CROSSES (1)
FAIRNESS.VICE,DOUBLE_CROSSING (1)
FAIRNESS.VICE,DUPE (1)
FAIRNESS.VICE,DUPES (1)
FAIRNESS.VICE,DUPING (1)
FAIRNESS.VICE,DUPLICITOUS (1)
FAIRNESS.VICE,ECONOMIC_DISPARITY (1)
FAIRNESS.VICE,EXPLOIT (1)
FAIRNESS.VICE,EXPLOITATION (1)
FAIRNESS.VICE,EXPLOITED (1)
FAIRNESS.VICE,EXPLOITER (1)
FAIRNESS.VICE,EXPLOITERS (1)
FAIRNESS.VICE,EXPLOITING (1)
FAIRNESS.VICE,EXPLOITS (1)
FAIRNESS.VICE,FALSE_ADVERTISE (1)
FAIRNESS.VICE,FALSE_ADVERTISED (1)
FAIRNESS.VICE,FALSE_ADVERTISEMENT (1)
FAIRNESS.VICE,FALSE_ADVERTISER (1)
FAIRNESS.VICE,FALSE_ADVERTISERS (1)
FAIRNESS.VICE,FALSE_ADVERTISES (1)
FAIRNESS.VICE,FALSE_ADVERTISING (1)
FAIRNESS.VICE,FALSE_IMPRESSION (1)
FAIRNESS.VICE,FALSE_IMPRESSIONS (1)
FAIRNESS.VICE,FALSE_WITNESS (1)
FAIRNESS.VICE,FAVORITISM (1)
FAIRNESS.VICE,FLEECED (1)
FAIRNESS.VICE,FLEECING (1)
FAIRNESS.VICE,FRAUD (1)
FAIRNESS.VICE,FRAUDS (1)
FAIRNESS.VICE,FRAUDULENT (1)
FAIRNESS.VICE,FREE_RIDER (1)
FAIRNESS.VICE,FREE_RIDERS (1)
FAIRNESS.VICE,FREELOAD (1)
FAIRNESS.VICE,FREELOADER (1)
FAIRNESS.VICE,FREELOADERS (1)
FAIRNESS.VICE,FREELOADING (1)
FAIRNESS.VICE,GO_BACK_ON (1)
FAIRNESS.VICE,HOODWINK (1)
FAIRNESS.VICE,HOODWINKED (1)
FAIRNESS.VICE,HOODWINKING (1)
FAIRNESS.VICE,HOODWINKS (1)
FAIRNESS.VICE,HYPOCRISY (1)
FAIRNESS.VICE,HYPOCRITE (1)
FAIRNESS.VICE,HYPOCRITES (1)
FAIRNESS.VICE,IMBALANCE (1)
FAIRNESS.VICE,IMBALANCED (1)
FAIRNESS.VICE,IMBALANCES (1)
FAIRNESS.VICE,IMPOSTER (1)
FAIRNESS.VICE,IMPOSTERS (1)
FAIRNESS.VICE,INEQUALITIES (1)
FAIRNESS.VICE,INEQUALITY (1)
FAIRNESS.VICE,INEQUITIES (1)
FAIRNESS.VICE,INEQUITY (1)
FAIRNESS.VICE,INJUSTICE (1)
FAIRNESS.VICE,INJUSTICES (1)
FAIRNESS.VICE,LIAR (1)
FAIRNESS.VICE,LIARS (1)
FAIRNESS.VICE,LIED (1)
FAIRNESS.VICE,LYING (1)
FAIRNESS.VICE,MISLEAD (1)
FAIRNESS.VICE,MISLEADER (1)
FAIRNESS.VICE,MISLEADERS (1)
FAIRNESS.VICE,MISLEADING (1)
FAIRNESS.VICE,MISLEADINGLY (1)
FAIRNESS.VICE,MISLEADS (1)
FAIRNESS.VICE,MOOCH (1)
FAIRNESS.VICE,MOOCHED (1)
FAIRNESS.VICE,MOOCHER (1)
FAIRNESS.VICE,MOOCHERS (1)
FAIRNESS.VICE,MOOCHES (1)
FAIRNESS.VICE,MOOCHING (1)
FAIRNESS.VICE,OPPRESS (1)
FAIRNESS.VICE,OPPRESSION (1)
FAIRNESS.VICE,PARTIALITY (1)
FAIRNESS.VICE,PICKPOCKET (1)
FAIRNESS.VICE,PICKPOCKETED (1)
FAIRNESS.VICE,PICKPOCKETING (1)
FAIRNESS.VICE,PICKPOCKETS (1)
FAIRNESS.VICE,PLAGIARISM (1)
FAIRNESS.VICE,PLAGIARISTIC (1)
FAIRNESS.VICE,PREJUDICE (1)
FAIRNESS.VICE,PREJUDICED (1)
FAIRNESS.VICE,PREJUDICING (1)
FAIRNESS.VICE,RACISM (1)
FAIRNESS.VICE,RACIST (1)
FAIRNESS.VICE,RACISTS (1)
FAIRNESS.VICE,RIPOFF (1)
FAIRNESS.VICE,RIPOFFS (1)
FAIRNESS.VICE,RIPPED_OFF (1)
FAIRNESS.VICE,RIPPING_OFF (1)
FAIRNESS.VICE,RIPS_OFF (1)
FAIRNESS.VICE,ROBBED (1)
FAIRNESS.VICE,ROBBER (1)
FAIRNESS.VICE,ROBBERS (1)
FAIRNESS.VICE,ROBBING (1)
FAIRNESS.VICE,ROBS (1)
FAIRNESS.VICE,SCAM (1)
FAIRNESS.VICE,SCAMMED (1)
FAIRNESS.VICE,SCAMMER (1)
FAIRNESS.VICE,SCAMMERS (1)
FAIRNESS.VICE,SCAMMING (1)
FAIRNESS.VICE,SCAMS (1)
FAIRNESS.VICE,SEGREGATE (1)
FAIRNESS.VICE,SEGREGATED (1)
FAIRNESS.VICE,SEGREGATES (1)
FAIRNESS.VICE,SEGREGATING (1)
FAIRNESS.VICE,SEGREGATION (1)
FAIRNESS.VICE,SEXISM (1)
FAIRNESS.VICE,SEXIST (1)
FAIRNESS.VICE,SEXISTS (1)
FAIRNESS.VICE,SHYSTER (1)
FAIRNESS.VICE,SHYSTERS (1)
FAIRNESS.VICE,STACKED_DECK (1)
FAIRNESS.VICE,STACKED_THE_DECK (1)
FAIRNESS.VICE,STACKING_THE_DECK (1)
FAIRNESS.VICE,STACKS_THE_DECK (1)
FAIRNESS.VICE,STEAL (1)
FAIRNESS.VICE,STEALING (1)
FAIRNESS.VICE,STEALS (1)
FAIRNESS.VICE,STOLE (1)
FAIRNESS.VICE,STOLEN (1)
FAIRNESS.VICE,SUCKERED (1)
FAIRNESS.VICE,SWINDLE (1)
FAIRNESS.VICE,SWINDLED (1)
FAIRNESS.VICE,SWINDLER (1)
FAIRNESS.VICE,SWINDLERS (1)
FAIRNESS.VICE,SWINDLES (1)
FAIRNESS.VICE,SWINDLING (1)
FAIRNESS.VICE,TAKING_ADVANTAGE (1)
FAIRNESS.VICE,THEFT (1)
FAIRNESS.VICE,THIEF (1)
FAIRNESS.VICE,THIEVES (1)
FAIRNESS.VICE,THIEVING (1)
FAIRNESS.VICE,TRICKED (1)
FAIRNESS.VICE,TRICKING (1)
FAIRNESS.VICE,TRICKSTER (1)
FAIRNESS.VICE,UNEQUAL (1)
FAIRNESS.VICE,UNEQUALED (1)
FAIRNESS.VICE,UNFAIR (1)
FAIRNESS.VICE,UNFAIRNESS (1)
FAIRNESS.VICE,UNJUST (1)
FAIRNESS.VICE,UNTRUSTWORTHINESS (1)
FAIRNESS.VICE,UNTRUSTWORTHY (1)
FAIRNESS.VICE,WAS_PARTIAL (1)
FAIRNESS.VICE,WILL_ROB (1)
LOYALTY.VIRTUE,ALL_FOR_ONE (1)
LOYALTY.VIRTUE,ALLEGIANCE (1)
LOYALTY.VIRTUE,ALLEGIANCES (1)
LOYALTY.VIRTUE,ALLEGIANT (1)
LOYALTY.VIRTUE,ALLIED (1)
LOYALTY.VIRTUE,ALLIES (1)
LOYALTY.VIRTUE,ALLY (1)
LOYALTY.VIRTUE,BELONG (1)
LOYALTY.VIRTUE,BELONGED (1)
LOYALTY.VIRTUE,BELONGING (1)
LOYALTY.VIRTUE,BELONGS (1)
LOYALTY.VIRTUE,BOWED (1)
LOYALTY.VIRTUE,BROTHERS_IN_ARMS (1)
LOYALTY.VIRTUE,CAMARADERIE (1)
LOYALTY.VIRTUE,CLAN (1)
LOYALTY.VIRTUE,CLANS (1)
LOYALTY.VIRTUE,CLIQUE (1)
LOYALTY.VIRTUE,CLIQUES (1)
LOYALTY.VIRTUE,COALITION (1)
LOYALTY.VIRTUE,COALITIONS (1)
LOYALTY.VIRTUE,COHORT (1)
LOYALTY.VIRTUE,COHORTS (1)
LOYALTY.VIRTUE,COLLECTIVE (1)
LOYALTY.VIRTUE,COLLECTIVELY (1)
LOYALTY.VIRTUE,COLLECTIVES (1)
LOYALTY.VIRTUE,COMMUNE (1)
LOYALTY.VIRTUE,COMMUNES (1)
LOYALTY.VIRTUE,COMMUNION (1)
LOYALTY.VIRTUE,COMMUNITIES (1)
LOYALTY.VIRTUE,COMMUNITY (1)
LOYALTY.VIRTUE,COMPANIES (1)
LOYALTY.VIRTUE,COMPANION (1)
LOYALTY.VIRTUE,COMPANIONS (1)
LOYALTY.VIRTUE,COMPANIONSHIP (1)
LOYALTY.VIRTUE,COMPANIONSHIPS (1)
LOYALTY.VIRTUE,COMPANY (1)
LOYALTY.VIRTUE,COMRADE (1)
LOYALTY.VIRTUE,COMRADERY (1)
LOYALTY.VIRTUE,COMRADES (1)
LOYALTY.VIRTUE,CONGREGATE (1)
LOYALTY.VIRTUE,CONGREGATES (1)
LOYALTY.VIRTUE,CONGREGATING (1)
LOYALTY.VIRTUE,CONGREGATION (1)
LOYALTY.VIRTUE,CONGREGATIONS (1)
LOYALTY.VIRTUE,CORPS (1)
LOYALTY.VIRTUE,COUNTRIES (1)
LOYALTY.VIRTUE,COUNTRY (1)
LOYALTY.VIRTUE,CULT (1)
LOYALTY.VIRTUE,CULTS (1)
LOYALTY.VIRTUE,DEATH_DO_US_PART (1)
LOYALTY.VIRTUE,ENLIST (1)
LOYALTY.VIRTUE,ENLISTED (1)
LOYALTY.VIRTUE,ENLISTING (1)
LOYALTY.VIRTUE,ENLISTMENT (1)
LOYALTY.VIRTUE,ENLISTS (1)
LOYALTY.VIRTUE,FACTION (1)
LOYALTY.VIRTUE,FACTIONS (1)
LOYALTY.VIRTUE,FAMILIAR (1)
LOYALTY.VIRTUE,FAMILIARITIES (1)
LOYALTY.VIRTUE,FAMILIARITY (1)
LOYALTY.VIRTUE,FAMILIES (1)
LOYALTY.VIRTUE,FAMILY (1)
LOYALTY.VIRTUE,FELLOW (1)
LOYALTY.VIRTUE,FELLOWS (1)
LOYALTY.VIRTUE,FELLOWSHIP (1)
LOYALTY.VIRTUE,FELLOWSHIPS (1)
LOYALTY.VIRTUE,FIDELITY (1)
LOYALTY.VIRTUE,FOLLOWER (1)
LOYALTY.VIRTUE,FOLLOWERS (1)
LOYALTY.VIRTUE,GROUP (1)
LOYALTY.VIRTUE,GROUPED (1)
LOYALTY.VIRTUE,GROUPING (1)
LOYALTY.VIRTUE,GROUPS (1)
LOYALTY.VIRTUE,HAZING (1)
LOYALTY.VIRTUE,HAZINGS (1)
LOYALTY.VIRTUE,HERD (1)
LOYALTY.VIRTUE,HERDED (1)
LOYALTY.VIRTUE,HERDER (1)
LOYALTY.VIRTUE,HERDERS (1)
LOYALTY.VIRTUE,HERDING (1)
LOYALTY.VIRTUE,HERDS (1)
LOYALTY.VIRTUE,HOMELAND (1)
LOYALTY.VIRTUE,HOMELANDS (1)
LOYALTY.VIRTUE,HORDE (1)
LOYALTY.VIRTUE,HORDES (1)
LOYALTY.VIRTUE,INDIVISIBLE (1)
LOYALTY.VIRTUE,INGROUP (1)
LOYALTY.VIRTUE,INSIDER (1)
LOYALTY.VIRTUE,INSIDERS (1)
LOYALTY.VIRTUE,JOINING (1)
LOYALTY.VIRTUE,KIN (1)
LOYALTY.VIRTUE,KINSHIP (1)
LOYALTY.VIRTUE,LOYAL (1)
LOYALTY.VIRTUE,LOYALTIES (1)
LOYALTY.VIRTUE,LOYALTY (1)
LOYALTY.VIRTUE,NATION (1)
LOYALTY.VIRTUE,NATIONS (1)
LOYALTY.VIRTUE,OLD_GLORY (1)
LOYALTY.VIRTUE,ONE_FOR_ALL (1)
LOYALTY.VIRTUE,ORGANIZATION (1)
LOYALTY.VIRTUE,ORGANIZATIONS (1)
LOYALTY.VIRTUE,PATRIOT (1)
LOYALTY.VIRTUE,PATRIOTS (1)
LOYALTY.VIRTUE,PLAYER (1)
LOYALTY.VIRTUE,PLEDGE (1)
LOYALTY.VIRTUE,PLEDGED (1)
LOYALTY.VIRTUE,PLEDGER (1)
LOYALTY.VIRTUE,PLEDGERS (1)
LOYALTY.VIRTUE,PLEDGES (1)
LOYALTY.VIRTUE,PLEDGING (1)
LOYALTY.VIRTUE,SACRIFICE (1)
LOYALTY.VIRTUE,SACRIFICED (1)
LOYALTY.VIRTUE,SACRIFICES (1)
LOYALTY.VIRTUE,SACRIFICIAL (1)
LOYALTY.VIRTUE,SACRIFICING (1)
LOYALTY.VIRTUE,SECT (1)
LOYALTY.VIRTUE,SECTS (1)
LOYALTY.VIRTUE,SOLIDARITIES (1)
LOYALTY.VIRTUE,SOLIDARITY (1)
LOYALTY.VIRTUE,TEAM_PLAYER (1)
LOYALTY.VIRTUE,TOGETHER (1)
LOYALTY.VIRTUE,TRIBAL (1)
LOYALTY.VIRTUE,TRIBALISM (1)
LOYALTY.VIRTUE,TRIBE (1)
LOYALTY.VIRTUE,TRIBES (1)
LOYALTY.VIRTUE,TROOP (1)
LOYALTY.VIRTUE,TROOPER (1)
LOYALTY.VIRTUE,TROOPERS (1)
LOYALTY.VIRTUE,TROOPS (1)
LOYALTY.VIRTUE,TROUPE (1)
LOYALTY.VIRTUE,TROUPES (1)
LOYALTY.VIRTUE,UNDIVIDED (1)
LOYALTY.VIRTUE,UNION_JACK (1)
LOYALTY.VIRTUE,UNITE (1)
LOYALTY.VIRTUE,UNITED (1)
LOYALTY.VIRTUE,UNITER (1)
LOYALTY.VIRTUE,UNITERS (1)
LOYALTY.VIRTUE,UNITES (1)
LOYALTY.VIRTUE,UNITING (1)
LOYALTY.VIRTUE,UNITY (1)
LOYALTY.VIRTUE,US_AGAINST_THEM (1)
LOYALTY.VIRTUE,WAR (1)
LOYALTY.VIRTUE,WIFE (1)
LOYALTY.VICE,AGAINST_US (1)
LOYALTY.VICE,APOSTATE (1)
LOYALTY.VICE,APOSTATES (1)
LOYALTY.VICE,BACKSTAB (1)
LOYALTY.VICE,BACKSTABBED (1)
LOYALTY.VICE,BACKSTABBER (1)
LOYALTY.VICE,BACKSTABBERS (1)
LOYALTY.VICE,BACKSTABBING (1)
LOYALTY.VICE,BACKSTABS (1)
LOYALTY.VICE,BETRAY (1)
LOYALTY.VICE,BETRAYED (1)
LOYALTY.VICE,BETRAYER (1)
LOYALTY.VICE,BETRAYERS (1)
LOYALTY.VICE,BETRAYING (1)
LOYALTY.VICE,BETRAYS (1)
LOYALTY.VICE,CHEAT_ON (1)
LOYALTY.VICE,CHEATED_ON (1)
LOYALTY.VICE,CHEATING_ON (1)
LOYALTY.VICE,CHEATS_ON (1)
LOYALTY.VICE,DESERTER (1)
LOYALTY.VICE,DESERTERS (1)
LOYALTY.VICE,DESERTING (1)
LOYALTY.VICE,DESERTION (1)
LOYALTY.VICE,DISLOYAL (1)
LOYALTY.VICE,ENEMIES (1)
LOYALTY.VICE,ENEMY (1)
LOYALTY.VICE,HERESIES (1)
LOYALTY.VICE,HERESY (1)
LOYALTY.VICE,HERETIC (1)
LOYALTY.VICE,HERETICS (1)
LOYALTY.VICE,INFIDEL (1)
LOYALTY.VICE,INFIDELITY (1)
LOYALTY.VICE,INFIDELS (1)
LOYALTY.VICE,OUTGROUP (1)
LOYALTY.VICE,OUTGROUPS (1)
LOYALTY.VICE,OUTSIDER (1)
LOYALTY.VICE,OUTSIDERS (1)
LOYALTY.VICE,REBEL (1)
LOYALTY.VICE,REBELLION (1)
LOYALTY.VICE,REBELLIONS (1)
LOYALTY.VICE,REBELS (1)
LOYALTY.VICE,TRAITOR (1)
LOYALTY.VICE,TRAITORS (1)
LOYALTY.VICE,TREACHEROUS (1)
LOYALTY.VICE,TREACHERY (1)
LOYALTY.VICE,TREASON (1)
LOYALTY.VICE,UNFAITHFUL (1)
LOYALTY.VICE,UNFAITHFULNESS (1)
LOYALTY.VICE,UNPATRIOTIC (1)
AUTHORITY.VIRTUE,ACQUIESCE (1)
AUTHORITY.VIRTUE,ACQUIESCED (1)
AUTHORITY.VIRTUE,ACQUIESCENT (1)
AUTHORITY.VIRTUE,ACQUIESCES (1)
AUTHORITY.VIRTUE,ACQUIESCING (1)
AUTHORITY.VIRTUE,ADHERE (1)
AUTHORITY.VIRTUE,ADHERED (1)
AUTHORITY.VIRTUE,ADHERENCE (1)
AUTHORITY.VIRTUE,ADHERES (1)
AUTHORITY.VIRTUE,ADHERING (1)
AUTHORITY.VIRTUE,ADMIRAL (1)
AUTHORITY.VIRTUE,ADMIRALS (1)
AUTHORITY.VIRTUE,ALLEGIANCE (1)
AUTHORITY.VIRTUE,ALLEGIANCES (1)
AUTHORITY.VIRTUE,ALLEGIANT (1)
AUTHORITY.VIRTUE,ARREST (1)
AUTHORITY.VIRTUE,ARRESTED (1)
AUTHORITY.VIRTUE,ARRESTING (1)
AUTHORITY.VIRTUE,ARRESTS (1)
AUTHORITY.VIRTUE,AUTHORITIES (1)
AUTHORITY.VIRTUE,AUTHORITY (1)
AUTHORITY.VIRTUE,AUTHORIZE (1)
AUTHORITY.VIRTUE,AUTHORIZED (1)
AUTHORITY.VIRTUE,AUTHORIZER (1)
AUTHORITY.VIRTUE,AUTHORIZES (1)
AUTHORITY.VIRTUE,AUTHORIZING (1)
AUTHORITY.VIRTUE,BISHOP (1)
AUTHORITY.VIRTUE,BISHOPS (1)
AUTHORITY.VIRTUE,BOSS (1)
AUTHORITY.VIRTUE,BOSSED (1)
AUTHORITY.VIRTUE,BOSSES (1)
AUTHORITY.VIRTUE,BOSSING (1)
AUTHORITY.VIRTUE,BOW_BEFORE (1)
AUTHORITY.VIRTUE,BOW_DOWN (1)
AUTHORITY.VIRTUE,BOWED (1)
AUTHORITY.VIRTUE,BOWING (1)
AUTHORITY.VIRTUE,BULLIED (1)
AUTHORITY.VIRTUE,BULLIES (1)
AUTHORITY.VIRTUE,BULLY (1)
AUTHORITY.VIRTUE,BULLYING (1)
AUTHORITY.VIRTUE,BULLYS (1)
AUTHORITY.VIRTUE,BY_THE_BOOK (1)
AUTHORITY.VIRTUE,CAPTAIN (1)
AUTHORITY.VIRTUE,CAPTAINED (1)
AUTHORITY.VIRTUE,CAPTAINING (1)
AUTHORITY.VIRTUE,CAPTAINS (1)
AUTHORITY.VIRTUE,CASTE (1)
AUTHORITY.VIRTUE,CASTES (1)
AUTHORITY.VIRTUE,CEO (1)
AUTHORITY.VIRTUE,CHIEF (1)
AUTHORITY.VIRTUE,CHIEFS (1)
AUTHORITY.VIRTUE,CHIEFTAIN (1)
AUTHORITY.VIRTUE,COERCE (1)
AUTHORITY.VIRTUE,COERCED (1)
AUTHORITY.VIRTUE,COERCES (1)
AUTHORITY.VIRTUE,COERCING (1)
AUTHORITY.VIRTUE,COERCION (1)
AUTHORITY.VIRTUE,COMMAND (1)
AUTHORITY.VIRTUE,COMMANDANT (1)
AUTHORITY.VIRTUE,COMMANDED (1)
AUTHORITY.VIRTUE,COMMANDER (1)
AUTHORITY.VIRTUE,COMMANDERS (1)
AUTHORITY.VIRTUE,COMMANDING (1)
AUTHORITY.VIRTUE,COMMANDINGLY (1)
AUTHORITY.VIRTUE,COMMANDMENT (1)
AUTHORITY.VIRTUE,COMMANDMENTS (1)
AUTHORITY.VIRTUE,COMMANDS (1)
AUTHORITY.VIRTUE,COMPLIANCE (1)
AUTHORITY.VIRTUE,COMPLIANT (1)
AUTHORITY.VIRTUE,COMPLIANTLY (1)
AUTHORITY.VIRTUE,COMPLY (1)
AUTHORITY.VIRTUE,CONTROL (1)
AUTHORITY.VIRTUE,CONTROLLED (1)
AUTHORITY.VIRTUE,CONTROLLER (1)
AUTHORITY.VIRTUE,CONTROLLERS (1)
AUTHORITY.VIRTUE,CONTROLLING (1)
AUTHORITY.VIRTUE,CONTROLS (1)
AUTHORITY.VIRTUE,CORPORATE_LADDER (1)
AUTHORITY.VIRTUE,CORPORATE_LADDERS (1)
AUTHORITY.VIRTUE,COVENANT (1)
AUTHORITY.VIRTUE,COVENANTS (1)
AUTHORITY.VIRTUE,DEAN (1)
AUTHORITY.VIRTUE,DECREE (1)
AUTHORITY.VIRTUE,DECREEING (1)
AUTHORITY.VIRTUE,DECREES (1)
AUTHORITY.VIRTUE,DEFERENCE (1)
AUTHORITY.VIRTUE,DEFERENTIAL (1)
AUTHORITY.VIRTUE,DEFERENTIALLY (1)
AUTHORITY.VIRTUE,DICTATE (1)
AUTHORITY.VIRTUE,DICTATED (1)
AUTHORITY.VIRTUE,DICTATES (1)
AUTHORITY.VIRTUE,DICTATING (1)
AUTHORITY.VIRTUE,DICTATION (1)
AUTHORITY.VIRTUE,DICTATOR (1)
AUTHORITY.VIRTUE,DICTATORS (1)
AUTHORITY.VIRTUE,DIVINE_RIGHT (1)
AUTHORITY.VIRTUE,DO_AS_ONE_SAYS (1)
AUTHORITY.VIRTUE,DOMINANT (1)
AUTHORITY.VIRTUE,DOMINATE (1)
AUTHORITY.VIRTUE,DOMINATED (1)
AUTHORITY.VIRTUE,DOMINATES (1)
AUTHORITY.VIRTUE,DOMINATING (1)
AUTHORITY.VIRTUE,DOMINION (1)
AUTHORITY.VIRTUE,DOMINIONS (1)
AUTHORITY.VIRTUE,DUTIES (1)
AUTHORITY.VIRTUE,DUTIFUL (1)
AUTHORITY.VIRTUE,DUTY (1)
AUTHORITY.VIRTUE,ELDER (1)
AUTHORITY.VIRTUE,ELDERLY (1)
AUTHORITY.VIRTUE,ELDERS (1)
AUTHORITY.VIRTUE,EMPEROR (1)
AUTHORITY.VIRTUE,EMPERORS (1)
AUTHORITY.VIRTUE,EMPIRE (1)
AUTHORITY.VIRTUE,EMPIRES (1)
AUTHORITY.VIRTUE,FATHER (1)
AUTHORITY.VIRTUE,FATHERED (1)
AUTHORITY.VIRTUE,FATHERING (1)
AUTHORITY.VIRTUE,FATHERS (1)
AUTHORITY.VIRTUE,FILIAL_PIETY (1)
AUTHORITY.VIRTUE,FORBADE (1)
AUTHORITY.VIRTUE,FORBID (1)
AUTHORITY.VIRTUE,FORBIDDING (1)
AUTHORITY.VIRTUE,FORBIDDINGLY (1)
AUTHORITY.VIRTUE,FORBIDS (1)
AUTHORITY.VIRTUE,GOVERN (1)
AUTHORITY.VIRTUE,GOVERNED (1)
AUTHORITY.VIRTUE,GOVERNESS (1)
AUTHORITY.VIRTUE,GOVERNING (1)
AUTHORITY.VIRTUE,GOVERNOR (1)
AUTHORITY.VIRTUE,GOVERNORS (1)
AUTHORITY.VIRTUE,GOVERNS (1)
AUTHORITY.VIRTUE,GUIDE (1)
AUTHORITY.VIRTUE,GUIDES (1)
AUTHORITY.VIRTUE,GUIDING (1)
AUTHORITY.VIRTUE,HEAD_HONCHO (1)
AUTHORITY.VIRTUE,HIERARCHICAL (1)
AUTHORITY.VIRTUE,HIERARCHIES (1)
AUTHORITY.VIRTUE,HIERARCHY (1)
AUTHORITY.VIRTUE,HONOR (1)
AUTHORITY.VIRTUE,HONORABLE (1)
AUTHORITY.VIRTUE,HONORED (1)
AUTHORITY.VIRTUE,HONORING (1)
AUTHORITY.VIRTUE,HONORS (1)
AUTHORITY.VIRTUE,IN_CHARGE (1)
AUTHORITY.VIRTUE,INSTITUTION (1)
AUTHORITY.VIRTUE,INSTITUTIONAL (1)
AUTHORITY.VIRTUE,INSTITUTIONS (1)
AUTHORITY.VIRTUE,LEAD_BY_EXAMPLE (1)
AUTHORITY.VIRTUE,LEADER (1)
AUTHORITY.VIRTUE,LEADERS (1)
AUTHORITY.VIRTUE,LEADERSHIP (1)
AUTHORITY.VIRTUE,LIONIZE (1)
AUTHORITY.VIRTUE,LIONIZES (1)
AUTHORITY.VIRTUE,LIONIZING (1)
AUTHORITY.VIRTUE,LORDED_OVER (1)
AUTHORITY.VIRTUE,MANAGER (1)
AUTHORITY.VIRTUE,MANAGERIAL (1)
AUTHORITY.VIRTUE,MANAGERS (1)
AUTHORITY.VIRTUE,MASTER (1)
AUTHORITY.VIRTUE,MATRIARCH (1)
AUTHORITY.VIRTUE,MATRIARCHAL (1)
AUTHORITY.VIRTUE,MATRIARCHS (1)
AUTHORITY.VIRTUE,MATRIARCHY (1)
AUTHORITY.VIRTUE,MENTOR (1)
AUTHORITY.VIRTUE,MENTORED (1)
AUTHORITY.VIRTUE,MENTORING (1)
AUTHORITY.VIRTUE,MENTORS (1)
AUTHORITY.VIRTUE,MONARCH (1)
AUTHORITY.VIRTUE,MONARCHICAL (1)
AUTHORITY.VIRTUE,MONARCHIES (1)
AUTHORITY.VIRTUE,MONARCHS (1)
AUTHORITY.VIRTUE,MONARCHY (1)
AUTHORITY.VIRTUE,NOBILITY (1)
AUTHORITY.VIRTUE,NOBLE (1)
AUTHORITY.VIRTUE,NOBLES (1)
AUTHORITY.VIRTUE,OBEDIENCE (1)
AUTHORITY.VIRTUE,OBEDIENT (1)
AUTHORITY.VIRTUE,OBEDIENTLY (1)
AUTHORITY.VIRTUE,OBEY (1)
AUTHORITY.VIRTUE,OBEYED (1)
AUTHORITY.VIRTUE,OBEYING (1)
AUTHORITY.VIRTUE,OBEYS (1)
AUTHORITY.VIRTUE,OLIGARCH (1)
AUTHORITY.VIRTUE,OLIGARCHIES (1)
AUTHORITY.VIRTUE,OLIGARCHS (1)
AUTHORITY.VIRTUE,OLIGARCHY (1)
AUTHORITY.VIRTUE,OPPRESS (1)
AUTHORITY.VIRTUE,ORDER (1)
AUTHORITY.VIRTUE,ORDERED (1)
AUTHORITY.VIRTUE,ORDERING (1)
AUTHORITY.VIRTUE,PATRIARCH (1)
AUTHORITY.VIRTUE,PATRIARCHS (1)
AUTHORITY.VIRTUE,PATRIARCHY (1)
AUTHORITY.VIRTUE,PECKING_ORDER (1)
AUTHORITY.VIRTUE,PERMISSION (1)
AUTHORITY.VIRTUE,PERMIT (1)
AUTHORITY.VIRTUE,PERMITS (1)
AUTHORITY.VIRTUE,POLICE (1)
AUTHORITY.VIRTUE,POLICING (1)
AUTHORITY.VIRTUE,POLITE (1)
AUTHORITY.VIRTUE,POLITENESS (1)
AUTHORITY.VIRTUE,POPE (1)
AUTHORITY.VIRTUE,PRESIDE_OVER (1)
AUTHORITY.VIRTUE,PRESIDENT (1)
AUTHORITY.VIRTUE,PRESIDENTIAL (1)
AUTHORITY.VIRTUE,PRESIDENTS (1)
AUTHORITY.VIRTUE,PRIME_MINISTER (1)
AUTHORITY.VIRTUE,PRIME_MINISTERIAL (1)
AUTHORITY.VIRTUE,PRIME_MINISTERS (1)
AUTHORITY.VIRTUE,PRINCIPAL (1)
AUTHORITY.VIRTUE,PRINCIPALS (1)
AUTHORITY.VIRTUE,PROPER (1)
AUTHORITY.VIRTUE,PROTECT (1)
AUTHORITY.VIRTUE,PROTECTED (1)
AUTHORITY.VIRTUE,PROTECTING (1)
AUTHORITY.VIRTUE,PROTECTION (1)
AUTHORITY.VIRTUE,PROTECTOR (1)
AUTHORITY.VIRTUE,PROTECTORS (1)
AUTHORITY.VIRTUE,PROTECTS (1)
AUTHORITY.VIRTUE,PUNISH (1)
AUTHORITY.VIRTUE,PUNISHED (1)
AUTHORITY.VIRTUE,PUNISHER (1)
AUTHORITY.VIRTUE,PUNISHERS (1)
AUTHORITY.VIRTUE,PUNISHES (1)
AUTHORITY.VIRTUE,PUNISHING (1)
AUTHORITY.VIRTUE,PUNISHINGLY (1)
AUTHORITY.VIRTUE,PUNISHMENT (1)
AUTHORITY.VIRTUE,PUNISHMENTS (1)
AUTHORITY.VIRTUE,PUNITIVE (1)
AUTHORITY.VIRTUE,QUEEN (1)
AUTHORITY.VIRTUE,QUEENS (1)
AUTHORITY.VIRTUE,RANK (1)
AUTHORITY.VIRTUE,RANKED (1)
AUTHORITY.VIRTUE,RANKING (1)
AUTHORITY.VIRTUE,RANKS (1)
AUTHORITY.VIRTUE,REGULATION (1)
AUTHORITY.VIRTUE,REGULATIONS (1)
AUTHORITY.VIRTUE,RESPECT (1)
AUTHORITY.VIRTUE,RESPECTED (1)
AUTHORITY.VIRTUE,RESPECTFUL (1)
AUTHORITY.VIRTUE,RESPECTFULLY (1)
AUTHORITY.VIRTUE,RESPECTING (1)
AUTHORITY.VIRTUE,RESPECTS (1)
AUTHORITY.VIRTUE,REVERE (1)
AUTHORITY.VIRTUE,REVERED (1)
AUTHORITY.VIRTUE,REVERENCE (1)
AUTHORITY.VIRTUE,REVERENTIAL (1)
AUTHORITY.VIRTUE,REVERES (1)
AUTHORITY.VIRTUE,RINGLEADER (1)
AUTHORITY.VIRTUE,RINGLEADERS (1)
AUTHORITY.VIRTUE,RULING (1)
AUTHORITY.VIRTUE,SERVANT (1)
AUTHORITY.VIRTUE,SERVANTS (1)
AUTHORITY.VIRTUE,SLAVE (1)
AUTHORITY.VIRTUE,SLAVED (1)
AUTHORITY.VIRTUE,SLAVES (1)
AUTHORITY.VIRTUE,SLAVING (1)
AUTHORITY.VIRTUE,SLAVISHLY (1)
AUTHORITY.VIRTUE,SOCIAL_ORDER (1)
AUTHORITY.VIRTUE,STATURE (1)
AUTHORITY.VIRTUE,SUBMISSION (1)
AUTHORITY.VIRTUE,SUBMISSIONS (1)
AUTHORITY.VIRTUE,SUBMIT (1)
AUTHORITY.VIRTUE,SUBMITS (1)
AUTHORITY.VIRTUE,SUBMITTED (1)
AUTHORITY.VIRTUE,SUBMITTER (1)
AUTHORITY.VIRTUE,SUBMITTERS (1)
AUTHORITY.VIRTUE,SUBMITTING (1)
AUTHORITY.VIRTUE,SUBORDINATE (1)
AUTHORITY.VIRTUE,SUBORDINATED (1)
AUTHORITY.VIRTUE,SUBORDINATES (1)
AUTHORITY.VIRTUE,SUBORDINATING (1)
AUTHORITY.VIRTUE,SUBORDINATION (1)
AUTHORITY.VIRTUE,SUPERVISE (1)
AUTHORITY.VIRTUE,SUPERVISED (1)
AUTHORITY.VIRTUE,SUPERVISER (1)
AUTHORITY.VIRTUE,SUPERVISERS (1)
AUTHORITY.VIRTUE,SUPERVISES (1)
AUTHORITY.VIRTUE,SUPERVISING (1)
AUTHORITY.VIRTUE,SUPERVISION (1)
AUTHORITY.VIRTUE,TAKE_ORDERS (1)
AUTHORITY.VIRTUE,TAKE_UP_ARMS (1)
AUTHORITY.VIRTUE,TOE_THE_LINE (1)
AUTHORITY.VIRTUE,TOP_DOG (1)
AUTHORITY.VIRTUE,TOP_GUN (1)
AUTHORITY.VIRTUE,TRADITION (1)
AUTHORITY.VIRTUE,TRADITIONAL (1)
AUTHORITY.VIRTUE,TRAITOR (1)
AUTHORITY.VIRTUE,TRAITORS (1)
AUTHORITY.VIRTUE,UNDERLING (1)
AUTHORITY.VIRTUE,UNDERLINGS (1)
AUTHORITY.VIRTUE,VENERATE (1)
AUTHORITY.VIRTUE,VENERATED (1)
AUTHORITY.VIRTUE,VENERATES (1)
AUTHORITY.VIRTUE,VENERATING (1)
AUTHORITY.VIRTUE,VENERATION (1)
AUTHORITY.VIRTUE,VICE_PRESIDENT (1)
AUTHORITY.VIRTUE,WEAR_THE_CROWN (1)
AUTHORITY.VIRTUE,WILLING (1)
AUTHORITY.VIRTUE,WORSHIP (1)
AUTHORITY.VIRTUE,WORSHIPS (1)
AUTHORITY.VICE,ANARCHIST (1)
AUTHORITY.VICE,ANARCHISTIC (1)
AUTHORITY.VICE,ANARCHISTS (1)
AUTHORITY.VICE,ANARCHY (1)
AUTHORITY.VICE,APOSTATE (1)
AUTHORITY.VICE,APOSTATES (1)
AUTHORITY.VICE,BEDLAM (1)
AUTHORITY.VICE,CHAOS (1)
AUTHORITY.VICE,CHAOTIC (1)
AUTHORITY.VICE,CHAOTICALLY (1)
AUTHORITY.VICE,DISARRAY (1)
AUTHORITY.VICE,DISARRAYED (1)
AUTHORITY.VICE,DISHONOR (1)
AUTHORITY.VICE,DISHONORABLE (1)
AUTHORITY.VICE,DISHONORED (1)
AUTHORITY.VICE,DISHONORING (1)
AUTHORITY.VICE,DISHONORS (1)
AUTHORITY.VICE,DISHONOURING (1)
AUTHORITY.VICE,DISHONOURS (1)
AUTHORITY.VICE,DISOBEDIENCE (1)
AUTHORITY.VICE,DISOBEDIENT (1)
AUTHORITY.VICE,DISOBEY (1)
AUTHORITY.VICE,DISORDER (1)
AUTHORITY.VICE,DISORDERED (1)
AUTHORITY.VICE,DISORDERING (1)
AUTHORITY.VICE,DISRESPECT (1)
AUTHORITY.VICE,DISRESPECTED (1)
AUTHORITY.VICE,DISRESPECTING (1)
AUTHORITY.VICE,DISRESPECTS (1)
AUTHORITY.VICE,DISSENSION (1)
AUTHORITY.VICE,DISSENT (1)
AUTHORITY.VICE,DISSENTED (1)
AUTHORITY.VICE,DISSENTER (1)
AUTHORITY.VICE,DISSENTERS (1)
AUTHORITY.VICE,DISSENTING (1)
AUTHORITY.VICE,DISSENTS (1)
AUTHORITY.VICE,DISSIDENT (1)
AUTHORITY.VICE,DISSIDENTS (1)
AUTHORITY.VICE,HERESIES (1)
AUTHORITY.VICE,HERESY (1)
AUTHORITY.VICE,HERETIC (1)
AUTHORITY.VICE,HERETICAL (1)
AUTHORITY.VICE,HERETICS (1)
AUTHORITY.VICE,ILLEGAL (1)
AUTHORITY.VICE,ILLEGALITY (1)
AUTHORITY.VICE,ILLEGALS (1)
AUTHORITY.VICE,IMPOLITE (1)
AUTHORITY.VICE,INSUBORDINATE (1)
AUTHORITY.VICE,INSURRECTION (1)
AUTHORITY.VICE,INSURRECTIONAL (1)
AUTHORITY.VICE,INSURRECTIONIST (1)
AUTHORITY.VICE,INSURRECTIONS (1)
AUTHORITY.VICE,LAWLESS (1)
AUTHORITY.VICE,LAWLESSNESS (1)
AUTHORITY.VICE,MISRULE (1)
AUTHORITY.VICE,MISRULED (1)
AUTHORITY.VICE,MISRULING (1)
AUTHORITY.VICE,MUTINIED (1)
AUTHORITY.VICE,MUTINIES (1)
AUTHORITY.VICE,MUTINOUS (1)
AUTHORITY.VICE,MUTINY (1)
AUTHORITY.VICE,NONCONFORMING (1)
AUTHORITY.VICE,NONCONFORMIST (1)
AUTHORITY.VICE,NONCONFORMISTS (1)
AUTHORITY.VICE,NONCONFORMITY (1)
AUTHORITY.VICE,ORDERS (1)
AUTHORITY.VICE,OVERPOWER (1)
AUTHORITY.VICE,OVERPOWERED (1)
AUTHORITY.VICE,OVERPOWERING (1)
AUTHORITY.VICE,OVERPOWERS (1)
AUTHORITY.VICE,OVERTHREW (1)
AUTHORITY.VICE,OVERTHROW (1)
AUTHORITY.VICE,OVERTHROWING (1)
AUTHORITY.VICE,OVERTHROWN (1)
AUTHORITY.VICE,OVERTHROWS (1)
AUTHORITY.VICE,PANDEMONIUM (1)
AUTHORITY.VICE,PERMISSIVE (1)
AUTHORITY.VICE,PERMISSIVENESS (1)
AUTHORITY.VICE,RABBLE_ROUSER (1)
AUTHORITY.VICE,RABBLE_ROUSERS (1)
AUTHORITY.VICE,RABBLE_ROUSING (1)
AUTHORITY.VICE,RAISE_HELL (1)
AUTHORITY.VICE,RAISES_HELL (1)
AUTHORITY.VICE,RAISING_HELL (1)
AUTHORITY.VICE,REBEL (1)
AUTHORITY.VICE,REBELLED (1)
AUTHORITY.VICE,REBELLING (1)
AUTHORITY.VICE,REBELLION (1)
AUTHORITY.VICE,REBELLIONS (1)
AUTHORITY.VICE,REBELS (1)
AUTHORITY.VICE,REFUSE (1)
AUTHORITY.VICE,REFUSED (1)
AUTHORITY.VICE,REFUSER (1)
AUTHORITY.VICE,REFUSERS (1)
AUTHORITY.VICE,REFUSES (1)
AUTHORITY.VICE,REFUSING (1)
AUTHORITY.VICE,RENEGADE (1)
AUTHORITY.VICE,RENEGADES (1)
AUTHORITY.VICE,RIOT (1)
AUTHORITY.VICE,RIOTED (1)
AUTHORITY.VICE,RIOTER (1)
AUTHORITY.VICE,RIOTERS (1)
AUTHORITY.VICE,RIOTING (1)
AUTHORITY.VICE,RIOTS (1)
AUTHORITY.VICE,ROCK_THE_BOAT (1)
AUTHORITY.VICE,SEDITION (1)
AUTHORITY.VICE,SUBVERSION (1)
AUTHORITY.VICE,SUBVERT (1)
AUTHORITY.VICE,SUBVERTED (1)
AUTHORITY.VICE,SUBVERTING (1)
AUTHORITY.VICE,SUBVERTS (1)
AUTHORITY.VICE,TRADITIONS (1)
AUTHORITY.VICE,TRANSGRESS (1)
AUTHORITY.VICE,TRANSGRESSED (1)
AUTHORITY.VICE,TRANSGRESSES (1)
AUTHORITY.VICE,TRANSGRESSING (1)
AUTHORITY.VICE,TRANSGRESSION (1)
AUTHORITY.VICE,TREACHEROUS (1)
AUTHORITY.VICE,TREACHERY (1)
AUTHORITY.VICE,TREASON (1)
AUTHORITY.VICE,TROUBLE_MAKER (1)
AUTHORITY.VICE,TUMULT (1)
AUTHORITY.VICE,TUMULTUOUS (1)
AUTHORITY.VICE,UNAUTHORIZED (1)
AUTHORITY.VICE,UNLAWFUL (1)
AUTHORITY.VICE,UNLAWFULLY (1)
AUTHORITY.VICE,UNLAWFULNESS (1)
AUTHORITY.VICE,UNRULY (1)
AUTHORITY.VICE,UPRISING (1)
AUTHORITY.VICE,UPRISINGS (1)
SANCTITY.VIRTUE,ABSTINANCE (1)
SANCTITY.VIRTUE,ABSTINENCE (1)
SANCTITY.VIRTUE,ALLAH (1)
SANCTITY.VIRTUE,ALMIGHTY (1)
SANCTITY.VIRTUE,ANGEL (1)
SANCTITY.VIRTUE,APOSTLE (1)
SANCTITY.VIRTUE,APOSTLES (1)
SANCTITY.VIRTUE,ATONE (1)
SANCTITY.VIRTUE,ATONED (1)
SANCTITY.VIRTUE,ATONEMENT (1)
SANCTITY.VIRTUE,ATONES (1)
SANCTITY.VIRTUE,ATONING (1)
SANCTITY.VIRTUE,BEATIFICATION (1)
SANCTITY.VIRTUE,BEATIFY (1)
SANCTITY.VIRTUE,BEATIFYING (1)
SANCTITY.VIRTUE,BIBLE (1)
SANCTITY.VIRTUE,BIBLES (1)
SANCTITY.VIRTUE,BIBLICAL (1)
SANCTITY.VIRTUE,BLESS (1)
SANCTITY.VIRTUE,BLESSED (1)
SANCTITY.VIRTUE,BLESSES (1)
SANCTITY.VIRTUE,BLESSING (1)
SANCTITY.VIRTUE,BLESSINGS (1)
SANCTITY.VIRTUE,BLOOD (1)
SANCTITY.VIRTUE,BLOODINESS (1)
SANCTITY.VIRTUE,BLOODY (1)
SANCTITY.VIRTUE,BODY (1)
SANCTITY.VIRTUE,BUDDHA (1)
SANCTITY.VIRTUE,BUDDHAS (1)
SANCTITY.VIRTUE,BUDDHIST (1)
SANCTITY.VIRTUE,CATHEDRAL (1)
SANCTITY.VIRTUE,CATHEDRALS (1)
SANCTITY.VIRTUE,CATHOLIC (1)
SANCTITY.VIRTUE,CATHOLICISM (1)
SANCTITY.VIRTUE,CATHOLICS (1)
SANCTITY.VIRTUE,CELIBACY (1)
SANCTITY.VIRTUE,CELIBATE (1)
SANCTITY.VIRTUE,CHASTE (1)
SANCTITY.VIRTUE,CHASTITY (1)
SANCTITY.VIRTUE,CHRIST (1)
SANCTITY.VIRTUE,CHRISTIAN (1)
SANCTITY.VIRTUE,CHRISTIANS (1)
SANCTITY.VIRTUE,CHURCH (1)
SANCTITY.VIRTUE,CHURCHES (1)
SANCTITY.VIRTUE,CLEAN (1)
SANCTITY.VIRTUE,CLEANED (1)
SANCTITY.VIRTUE,CLEANER (1)
SANCTITY.VIRTUE,CLEANERS (1)
SANCTITY.VIRTUE,CLEANING (1)
SANCTITY.VIRTUE,CLEANLINESS (1)
SANCTITY.VIRTUE,CLEANS (1)
SANCTITY.VIRTUE,COMMUNION (1)
SANCTITY.VIRTUE,CONSECRATE (1)
SANCTITY.VIRTUE,CONSECRATED (1)
SANCTITY.VIRTUE,CONSECRATES (1)
SANCTITY.VIRTUE,CONSECRATING (1)
SANCTITY.VIRTUE,CONSECRATION (1)
SANCTITY.VIRTUE,DECENCY (1)
SANCTITY.VIRTUE,DEIFICATION (1)
SANCTITY.VIRTUE,DEIFY (1)
SANCTITY.VIRTUE,DEISM (1)
SANCTITY.VIRTUE,DEIST (1)
SANCTITY.VIRTUE,DEISTS (1)
SANCTITY.VIRTUE,DEITIES (1)
SANCTITY.VIRTUE,DEITY (1)
SANCTITY.VIRTUE,DEVOUT (1)
SANCTITY.VIRTUE,DIGNIFIED (1)
SANCTITY.VIRTUE,DIGNIFIES (1)
SANCTITY.VIRTUE,DIGNIFY (1)
SANCTITY.VIRTUE,DIGNIFYING (1)
SANCTITY.VIRTUE,DIGNITIES (1)
SANCTITY.VIRTUE,DIGNITY (1)
SANCTITY.VIRTUE,DIVINE (1)
SANCTITY.VIRTUE,DIVINITIES (1)
SANCTITY.VIRTUE,DIVINITY (1)
SANCTITY.VIRTUE,ELEVATING (1)
SANCTITY.VIRTUE,ENSHRINE (1)
SANCTITY.VIRTUE,ENSHRINED (1)
SANCTITY.VIRTUE,ENSHRINES (1)
SANCTITY.VIRTUE,ENSHRINING (1)
SANCTITY.VIRTUE,ETERNAL (1)
SANCTITY.VIRTUE,ETERNALLY (1)
SANCTITY.VIRTUE,EXALT (1)
SANCTITY.VIRTUE,EXALTED (1)
SANCTITY.VIRTUE,EXALTING (1)
SANCTITY.VIRTUE,EXALTS (1)
SANCTITY.VIRTUE,EXTERMINATE (1)
SANCTITY.VIRTUE,EXTERMINATED (1)
SANCTITY.VIRTUE,EXTERMINATES (1)
SANCTITY.VIRTUE,EXTERMINATING (1)
SANCTITY.VIRTUE,EXTERMINATION (1)
SANCTITY.VIRTUE,EXTERMINATOR (1)
SANCTITY.VIRTUE,EXTERMINATORS (1)
SANCTITY.VIRTUE,FAITH (1)
SANCTITY.VIRTUE,FAITHFUL (1)
SANCTITY.VIRTUE,FAITHFULLY (1)
SANCTITY.VIRTUE,FAITHS (1)
SANCTITY.VIRTUE,FOOD (1)
SANCTITY.VIRTUE,FOODS (1)
SANCTITY.VIRTUE,GLORIES (1)
SANCTITY.VIRTUE,GLORIOUS (1)
SANCTITY.VIRTUE,GLORIOUSLY (1)
SANCTITY.VIRTUE,GLORY (1)
SANCTITY.VIRTUE,GOD (1)
SANCTITY.VIRTUE,GODDESS (1)
SANCTITY.VIRTUE,GODDESSES (1)
SANCTITY.VIRTUE,GODLINESS (1)
SANCTITY.VIRTUE,GODLY (1)
SANCTITY.VIRTUE,GODS (1)
SANCTITY.VIRTUE,GOSPEL (1)
SANCTITY.VIRTUE,GOSPELS (1)
SANCTITY.VIRTUE,HALLOW (1)
SANCTITY.VIRTUE,HALLOWED (1)
SANCTITY.VIRTUE,HALLOWING (1)
SANCTITY.VIRTUE,HALLOWS (1)
SANCTITY.VIRTUE,HEAVEN (1)
SANCTITY.VIRTUE,HEAVENLY (1)
SANCTITY.VIRTUE,HEAVENS (1)
SANCTITY.VIRTUE,HIGHER_POWER (1)
SANCTITY.VIRTUE,HOLINESS (1)
SANCTITY.VIRTUE,HOLY (1)
SANCTITY.VIRTUE,HOLY_CROSS (1)
SANCTITY.VIRTUE,HOLY_CROSSES (1)
SANCTITY.VIRTUE,IMAM (1)
SANCTITY.VIRTUE,IMAMS (1)
SANCTITY.VIRTUE,IMMACULATE (1)
SANCTITY.VIRTUE,IMMACULATELY (1)
SANCTITY.VIRTUE,IMMUNE (1)
SANCTITY.VIRTUE,IMMUNITIES (1)
SANCTITY.VIRTUE,IMMUNITY (1)
SANCTITY.VIRTUE,JESUS (1)
SANCTITY.VIRTUE,KORAN (1)
SANCTITY.VIRTUE,KORANIC (1)
SANCTITY.VIRTUE,LORD (1)
SANCTITY.VIRTUE,LORDS (1)
SANCTITY.VIRTUE,MARRIAGE (1)
SANCTITY.VIRTUE,MARRIED (1)
SANCTITY.VIRTUE,MARRIES (1)
SANCTITY.VIRTUE,MARRING (1)
SANCTITY.VIRTUE,MARRY (1)
SANCTITY.VIRTUE,MARRYING (1)
SANCTITY.VIRTUE,MARY (1)
SANCTITY.VIRTUE,MODESTY (1)
SANCTITY.VIRTUE,MONASTERIES (1)
SANCTITY.VIRTUE,MONASTERY (1)
SANCTITY.VIRTUE,MONASTIC (1)
SANCTITY.VIRTUE,MONASTICISM (1)
SANCTITY.VIRTUE,MONK (1)
SANCTITY.VIRTUE,MONKS (1)
SANCTITY.VIRTUE,MOSQUE (1)
SANCTITY.VIRTUE,MOSQUES (1)
SANCTITY.VIRTUE,NOBILITY (1)
SANCTITY.VIRTUE,NOBLE (1)
SANCTITY.VIRTUE,NOBLES (1)
SANCTITY.VIRTUE,NUN (1)
SANCTITY.VIRTUE,NUNNERIES (1)
SANCTITY.VIRTUE,NUNNERY (1)
SANCTITY.VIRTUE,NUNS (1)
SANCTITY.VIRTUE,ORGANIC (1)
SANCTITY.VIRTUE,ORGANICALLY (1)
SANCTITY.VIRTUE,ORGANICS (1)
SANCTITY.VIRTUE,ORTHODOX (1)
SANCTITY.VIRTUE,ORTHODOXIES (1)
SANCTITY.VIRTUE,ORTHODOXY (1)
SANCTITY.VIRTUE,PASTOR (1)
SANCTITY.VIRTUE,PIETY (1)
SANCTITY.VIRTUE,PIOUS (1)
SANCTITY.VIRTUE,POPE (1)
SANCTITY.VIRTUE,PRAY (1)
SANCTITY.VIRTUE,PRAYED (1)
SANCTITY.VIRTUE,PRAYER (1)
SANCTITY.VIRTUE,PRAYERS (1)
SANCTITY.VIRTUE,PRAYING (1)
SANCTITY.VIRTUE,PRAYS (1)
SANCTITY.VIRTUE,PRIEST (1)
SANCTITY.VIRTUE,PRIESTLY (1)
SANCTITY.VIRTUE,PRIESTS (1)
SANCTITY.VIRTUE,PRISTINE (1)
SANCTITY.VIRTUE,PROPHET (1)
SANCTITY.VIRTUE,PROPHETIC (1)
SANCTITY.VIRTUE,PROPHETICALLY (1)
SANCTITY.VIRTUE,PROPHETS (1)
SANCTITY.VIRTUE,PRUDE (1)
SANCTITY.VIRTUE,PURE (1)
SANCTITY.VIRTUE,PURENESS (1)
SANCTITY.VIRTUE,PURIFICATION (1)
SANCTITY.VIRTUE,PURIFIED (1)
SANCTITY.VIRTUE,PURIFIER (1)
SANCTITY.VIRTUE,PURIFIERS (1)
SANCTITY.VIRTUE,PURIFIES (1)
SANCTITY.VIRTUE,PURIFY (1)
SANCTITY.VIRTUE,PURIFYING (1)
SANCTITY.VIRTUE,PURITIES (1)
SANCTITY.VIRTUE,PURITY (1)
SANCTITY.VIRTUE,RABBI (1)
SANCTITY.VIRTUE,RABBINICAL (1)
SANCTITY.VIRTUE,RABBIS (1)
SANCTITY.VIRTUE,RAW (1)
SANCTITY.VIRTUE,REFINE (1)
SANCTITY.VIRTUE,REFINED (1)
SANCTITY.VIRTUE,REFINEMENT (1)
SANCTITY.VIRTUE,REFINES (1)
SANCTITY.VIRTUE,REFINING (1)
SANCTITY.VIRTUE,RELIGION (1)
SANCTITY.VIRTUE,RELIGIONS (1)
SANCTITY.VIRTUE,RELIGIOSITY (1)
SANCTITY.VIRTUE,RELIGIOUS (1)
SANCTITY.VIRTUE,RELIGIOUSLY (1)
SANCTITY.VIRTUE,REPENT (1)
SANCTITY.VIRTUE,REPENTED (1)
SANCTITY.VIRTUE,REPENTING (1)
SANCTITY.VIRTUE,REPENTS (1)
SANCTITY.VIRTUE,REVEREND (1)
SANCTITY.VIRTUE,RIGHTEOUS (1)
SANCTITY.VIRTUE,RIGHTEOUSLY (1)
SANCTITY.VIRTUE,RIGHTEOUSNESS (1)
SANCTITY.VIRTUE,SACRED (1)
SANCTITY.VIRTUE,SACREDNESS (1)
SANCTITY.VIRTUE,SACROSANCT (1)
SANCTITY.VIRTUE,SAINT (1)
SANCTITY.VIRTUE,SAINTLINESS (1)
SANCTITY.VIRTUE,SAINTLY (1)
SANCTITY.VIRTUE,SAINTS (1)
SANCTITY.VIRTUE,SANCTIFIED (1)
SANCTITY.VIRTUE,SANCTIFIES (1)
SANCTITY.VIRTUE,SANCTIFY (1)
SANCTITY.VIRTUE,SANCTIFYING (1)
SANCTITY.VIRTUE,SANCTITY (1)
SANCTITY.VIRTUE,SCRIPTURE (1)
SANCTITY.VIRTUE,SCRIPTURES (1)
SANCTITY.VIRTUE,SHRINE (1)
SANCTITY.VIRTUE,SOUL (1)
SANCTITY.VIRTUE,SOULFUL (1)
SANCTITY.VIRTUE,SOULS (1)
SANCTITY.VIRTUE,SPIRITUAL (1)
SANCTITY.VIRTUE,SPIRITUALITY (1)
SANCTITY.VIRTUE,SPOTLESS (1)
SANCTITY.VIRTUE,SPOTLESSLY (1)
SANCTITY.VIRTUE,SPOTLESSNESS (1)
SANCTITY.VIRTUE,STAINLESS (1)
SANCTITY.VIRTUE,STERILE (1)
SANCTITY.VIRTUE,STERILITY (1)
SANCTITY.VIRTUE,SUPERNATURAL (1)
SANCTITY.VIRTUE,SYNAGOGUE (1)
SANCTITY.VIRTUE,SYNAGOGUES (1)
SANCTITY.VIRTUE,TABERNACLE (1)
SANCTITY.VIRTUE,TALMUDIC (1)
SANCTITY.VIRTUE,TEMPERANCE (1)
SANCTITY.VIRTUE,TEMPLE (1)
SANCTITY.VIRTUE,TEMPLES (1)
SANCTITY.VIRTUE,THEOLOGICAL (1)
SANCTITY.VIRTUE,THEOLOGY (1)
SANCTITY.VIRTUE,TORAH (1)
SANCTITY.VIRTUE,TORAHS (1)
SANCTITY.VIRTUE,UNADULTERATED (1)
SANCTITY.VIRTUE,UNCHASTE (1)
SANCTITY.VIRTUE,UNDEFILED (1)
SANCTITY.VIRTUE,UNSPOILED (1)
SANCTITY.VIRTUE,UNSULLIED (1)
SANCTITY.VIRTUE,UNTAINTED (1)
SANCTITY.VIRTUE,UNTOUCHED (1)
SANCTITY.VIRTUE,VIRGIN (1)
SANCTITY.VIRTUE,VIRGINAL (1)
SANCTITY.VIRTUE,VIRGINITY (1)
SANCTITY.VIRTUE,VIRGINS (1)
SANCTITY.VIRTUE,WHOLESOME (1)
SANCTITY.VIRTUE,WHOLESOMELY (1)
SANCTITY.VIRTUE,WHOLESOMENESS (1)
SANCTITY.VIRTUE,WORSHIP (1)
SANCTITY.VIRTUE,WORSHIPS (1)
SANCTITY.VIRTUE,YOGI (1)
SANCTITY.VIRTUE,YOGIS (1)
SANCTITY.VICE,ABHOR (1)
SANCTITY.VICE,ABHORRED (1)
SANCTITY.VICE,ABHORS (1)
SANCTITY.VICE,ADDICT (1)
SANCTITY.VICE,ADDICTED (1)
SANCTITY.VICE,ADDICTING (1)
SANCTITY.VICE,ADDICTION (1)
SANCTITY.VICE,ADDICTIONS (1)
SANCTITY.VICE,ADDICTS (1)
SANCTITY.VICE,ADULTERER (1)
SANCTITY.VICE,ADULTERERS (1)
SANCTITY.VICE,ADULTEROUS (1)
SANCTITY.VICE,ADULTERY (1)
SANCTITY.VICE,ALCOHOLIC (1)
SANCTITY.VICE,ALCOHOLICS (1)
SANCTITY.VICE,ALCOHOLISM (1)
SANCTITY.VICE,APOSTATE (1)
SANCTITY.VICE,APOSTATES (1)
SANCTITY.VICE,BARF (1)
SANCTITY.VICE,BARFED (1)
SANCTITY.VICE,BARFING (1)
SANCTITY.VICE,BARFS (1)
SANCTITY.VICE,BEFOUL (1)
SANCTITY.VICE,BEFOULED (1)
SANCTITY.VICE,BEFOULING (1)
SANCTITY.VICE,BEFOULS (1)
SANCTITY.VICE,BM (1)
SANCTITY.VICE,COCK (1)
SANCTITY.VICE,COCKROACH (1)
SANCTITY.VICE,COCKROACHES (1)
SANCTITY.VICE,COCKSUCKER (1)
SANCTITY.VICE,COCKSUCKERS (1)
SANCTITY.VICE,CONTAGION (1)
SANCTITY.VICE,CONTAGIOUS (1)
SANCTITY.VICE,CONTAGIOUSLY (1)
SANCTITY.VICE,CONTAMINANT (1)
SANCTITY.VICE,CONTAMINANTS (1)
SANCTITY.VICE,CONTAMINATE (1)
SANCTITY.VICE,CONTAMINATED (1)
SANCTITY.VICE,CONTAMINATES (1)
SANCTITY.VICE,CONTAMINATING (1)
SANCTITY.VICE,CONTAMINATION (1)
SANCTITY.VICE,CORPSE (1)
SANCTITY.VICE,CORPSES (1)
SANCTITY.VICE,CORRUPT (1)
SANCTITY.VICE,CORRUPTED (1)
SANCTITY.VICE,CORRUPTING (1)
SANCTITY.VICE,CORRUPTION (1)
SANCTITY.VICE,CORRUPTS (1)
SANCTITY.VICE,CRAPPY (1)
SANCTITY.VICE,CUM (1)
SANCTITY.VICE,CUNT (1)
SANCTITY.VICE,CUNTS (1)
SANCTITY.VICE,CURSE (1)
SANCTITY.VICE,CURSED (1)
SANCTITY.VICE,CURSES (1)
SANCTITY.VICE,CURSING (1)
SANCTITY.VICE,DAMN (1)
SANCTITY.VICE,DAMNATION (1)
SANCTITY.VICE,DAMNED (1)
SANCTITY.VICE,DAMNING (1)
SANCTITY.VICE,DAMNS (1)
SANCTITY.VICE,DEBASE (1)
SANCTITY.VICE,DEBASED (1)
SANCTITY.VICE,DEBASES (1)
SANCTITY.VICE,DEBASING (1)
SANCTITY.VICE,DEBAUCHEROUS (1)
SANCTITY.VICE,DEBAUCHERY (1)
SANCTITY.VICE,DECAY (1)
SANCTITY.VICE,DECAYED (1)
SANCTITY.VICE,DECAYING (1)
SANCTITY.VICE,DECAYS (1)
SANCTITY.VICE,DEFILE (1)
SANCTITY.VICE,DEFILED (1)
SANCTITY.VICE,DEFILER (1)
SANCTITY.VICE,DEFILERS (1)
SANCTITY.VICE,DEFILES (1)
SANCTITY.VICE,DEFILING (1)
SANCTITY.VICE,DEFLOWER (1)
SANCTITY.VICE,DEFLOWERED (1)
SANCTITY.VICE,DEFLOWERING (1)
SANCTITY.VICE,DEFORM (1)
SANCTITY.VICE,DEFORMED (1)
SANCTITY.VICE,DEFORMING (1)
SANCTITY.VICE,DEFORMITIES (1)
SANCTITY.VICE,DEFORMITY (1)
SANCTITY.VICE,DEFORMS (1)
SANCTITY.VICE,DEGRADATION (1)
SANCTITY.VICE,DEGRADE (1)
SANCTITY.VICE,DEGRADED (1)
SANCTITY.VICE,DEGRADERS (1)
SANCTITY.VICE,DEGRADES (1)
SANCTITY.VICE,DEGRADING (1)
SANCTITY.VICE,DEGRADINGLY (1)
SANCTITY.VICE,DEPRAVE (1)
SANCTITY.VICE,DEPRAVED (1)
SANCTITY.VICE,DEPRAVITIES (1)
SANCTITY.VICE,DEPRAVITY (1)
SANCTITY.VICE,DESECRATE (1)
SANCTITY.VICE,DESECRATED (1)
SANCTITY.VICE,DESECRATES (1)
SANCTITY.VICE,DESECRATING (1)
SANCTITY.VICE,DESECRATION (1)
SANCTITY.VICE,DESECRATIONS (1)
SANCTITY.VICE,DEVIANT (1)
SANCTITY.VICE,DEVIANTS (1)
SANCTITY.VICE,DEVIL (1)
SANCTITY.VICE,DIRT (1)
SANCTITY.VICE,DIRTIED (1)
SANCTITY.VICE,DIRTIES (1)
SANCTITY.VICE,DIRTY (1)
SANCTITY.VICE,DIRTYING (1)
SANCTITY.VICE,DISEASE (1)
SANCTITY.VICE,DISEASED (1)
SANCTITY.VICE,DISEASES (1)
SANCTITY.VICE,DISGUST (1)
SANCTITY.VICE,DISGUSTED (1)
SANCTITY.VICE,DISGUSTING (1)
SANCTITY.VICE,DISGUSTINGLY (1)
SANCTITY.VICE,DISGUSTS (1)
SANCTITY.VICE,DIVORCE (1)
SANCTITY.VICE,DIVORCED (1)
SANCTITY.VICE,DIVORCES (1)
SANCTITY.VICE,DIVORCING (1)
SANCTITY.VICE,DOUCHEBAG (1)
SANCTITY.VICE,DOUCHEBAGS (1)
SANCTITY.VICE,DRUG (1)
SANCTITY.VICE,DRUGGED (1)
SANCTITY.VICE,DRUGGING (1)
SANCTITY.VICE,DRUGS (1)
SANCTITY.VICE,DUNG (1)
SANCTITY.VICE,EPIDEMIC (1)
SANCTITY.VICE,EPIDEMICS (1)
SANCTITY.VICE,EXCREMENT (1)
SANCTITY.VICE,EXCRETE (1)
SANCTITY.VICE,EXCRETED (1)
SANCTITY.VICE,EXCRETES (1)
SANCTITY.VICE,EXCRETING (1)
SANCTITY.VICE,FECAL (1)
SANCTITY.VICE,FECES (1)
SANCTITY.VICE,FESTER (1)
SANCTITY.VICE,FESTERED (1)
SANCTITY.VICE,FESTERING (1)
SANCTITY.VICE,FESTERS (1)
SANCTITY.VICE,FILTH (1)
SANCTITY.VICE,FILTHY (1)
SANCTITY.VICE,FLESH (1)
SANCTITY.VICE,FORNICATE (1)
SANCTITY.VICE,FORNICATED (1)
SANCTITY.VICE,FORNICATING (1)
SANCTITY.VICE,FORNICATION (1)
SANCTITY.VICE,FORNICATOR (1)
SANCTITY.VICE,FORNICATORS (1)
SANCTITY.VICE,FOUL (1)
SANCTITY.VICE,FUCK (1)
SANCTITY.VICE,FUCKED (1)
SANCTITY.VICE,FUCKER (1)
SANCTITY.VICE,FUCKERS (1)
SANCTITY.VICE,FUCKING (1)
SANCTITY.VICE,FUCKS (1)
SANCTITY.VICE,GANGRENE (1)
SANCTITY.VICE,GANGRENOUS (1)
SANCTITY.VICE,GARBAGE (1)
SANCTITY.VICE,GERM (1)
SANCTITY.VICE,GERMS (1)
SANCTITY.VICE,GODLESS (1)
SANCTITY.VICE,GONORRHEA (1)
SANCTITY.VICE,GROSS (1)
SANCTITY.VICE,GROSSNESS (1)
SANCTITY.VICE,HARLOT (1)
SANCTITY.VICE,HARLOTS (1)
SANCTITY.VICE,HEDONISM (1)
SANCTITY.VICE,HEDONIST (1)
SANCTITY.VICE,HEDONISTIC (1)
SANCTITY.VICE,HEDONISTS (1)
SANCTITY.VICE,HELL (1)
SANCTITY.VICE,HERESIES (1)
SANCTITY.VICE,HERESY (1)
SANCTITY.VICE,HERETIC (1)
SANCTITY.VICE,HERETICAL (1)
SANCTITY.VICE,HERETICS (1)
SANCTITY.VICE,HOOKER (1)
SANCTITY.VICE,HOOKERS (1)
SANCTITY.VICE,HORRIFIC (1)
SANCTITY.VICE,HORRIFYING (1)
SANCTITY.VICE,HORROR (1)
SANCTITY.VICE,HORRORS (1)
SANCTITY.VICE,IMPIETY (1)
SANCTITY.VICE,IMPIOUS (1)
SANCTITY.VICE,IMPURE (1)
SANCTITY.VICE,IMPURITIES (1)
SANCTITY.VICE,IMPURITY (1)
SANCTITY.VICE,INCEST (1)
SANCTITY.VICE,INCESTUOUS (1)
SANCTITY.VICE,INCESTUOUSLY (1)
SANCTITY.VICE,INDECENCIES (1)
SANCTITY.VICE,INDECENCY (1)
SANCTITY.VICE,INDECENT (1)
SANCTITY.VICE,INDECENTLY (1)
SANCTITY.VICE,INFECT (1)
SANCTITY.VICE,INFECTED (1)
SANCTITY.VICE,INFECTING (1)
SANCTITY.VICE,INFECTION (1)
SANCTITY.VICE,INFECTIONS (1)
SANCTITY.VICE,INFECTIOUSNESS (1)
SANCTITY.VICE,INFECTS (1)
SANCTITY.VICE,INFEST (1)
SANCTITY.VICE,INFESTATION (1)
SANCTITY.VICE,INFESTED (1)
SANCTITY.VICE,INFESTING (1)
SANCTITY.VICE,INFESTS (1)
SANCTITY.VICE,LEPER (1)
SANCTITY.VICE,LEPERS (1)
SANCTITY.VICE,LEPROSY (1)
SANCTITY.VICE,LEWD (1)
SANCTITY.VICE,LEWDNESS (1)
SANCTITY.VICE,LICE (1)
SANCTITY.VICE,MANURE (1)
SANCTITY.VICE,MAR (1)
SANCTITY.VICE,MARRED (1)
SANCTITY.VICE,MOLDY (1)
SANCTITY.VICE,MUCK (1)
SANCTITY.VICE,MUCKING (1)
SANCTITY.VICE,MUCKY (1)
SANCTITY.VICE,MUD (1)
SANCTITY.VICE,NAUSEA (1)
SANCTITY.VICE,NAUSEATED (1)
SANCTITY.VICE,NAUSEATING (1)
SANCTITY.VICE,NAUSEATINGLY (1)
SANCTITY.VICE,NAUSEOUS (1)
SANCTITY.VICE,NECROPHILIA (1)
SANCTITY.VICE,NECROPHILIAC (1)
SANCTITY.VICE,NECROPHILIACS (1)
SANCTITY.VICE,OBSCENE (1)
SANCTITY.VICE,OBSCENITY (1)
SANCTITY.VICE,PANDEMIC (1)
SANCTITY.VICE,PANDEMICS (1)
SANCTITY.VICE,PARASITE (1)
SANCTITY.VICE,PARASITES (1)
SANCTITY.VICE,PARASITIC (1)
SANCTITY.VICE,PARASITICALLY (1)
SANCTITY.VICE,PATHOGEN (1)
SANCTITY.VICE,PATHOGENIC (1)
SANCTITY.VICE,PATHOGENS (1)
SANCTITY.VICE,PERVERSE (1)
SANCTITY.VICE,PERVERSELY (1)
SANCTITY.VICE,PERVERT (1)
SANCTITY.VICE,PERVERTED (1)
SANCTITY.VICE,PERVERTS (1)
SANCTITY.VICE,PESTILENCE (1)
SANCTITY.VICE,PHLEGM (1)
SANCTITY.VICE,PHLEGMATIC (1)
SANCTITY.VICE,PHLEGMATICALLY (1)
SANCTITY.VICE,PIGSTY (1)
SANCTITY.VICE,PLAGUE (1)
SANCTITY.VICE,PLAGUED (1)
SANCTITY.VICE,PLAGUES (1)
SANCTITY.VICE,PLAGUING (1)
SANCTITY.VICE,PROFANE (1)
SANCTITY.VICE,PROFANITIES (1)
SANCTITY.VICE,PROFANITY (1)
SANCTITY.VICE,PROMISCUITY (1)
SANCTITY.VICE,PROMISCUOUS (1)
SANCTITY.VICE,PROSTITUTE (1)
SANCTITY.VICE,PROSTITUTED (1)
SANCTITY.VICE,PROSTITUTES (1)
SANCTITY.VICE,PROSTITUTING (1)
SANCTITY.VICE,PROSTITUTION (1)
SANCTITY.VICE,PUKE (1)
SANCTITY.VICE,PUKED (1)
SANCTITY.VICE,PUKES (1)
SANCTITY.VICE,PUKING (1)
SANCTITY.VICE,PUS (1)
SANCTITY.VICE,PUTRID (1)
SANCTITY.VICE,RAT (1)
SANCTITY.VICE,RATS (1)
SANCTITY.VICE,REPUGNANCE (1)
SANCTITY.VICE,REPUGNANT (1)
SANCTITY.VICE,REPUGNANTLY (1)
SANCTITY.VICE,REPULSED (1)
SANCTITY.VICE,REPULSES (1)
SANCTITY.VICE,REPULSING (1)
SANCTITY.VICE,REPULSIVE (1)
SANCTITY.VICE,REPULSIVENESS (1)
SANCTITY.VICE,REVOLTING (1)
SANCTITY.VICE,RISQUE (1)
SANCTITY.VICE,ROT (1)
SANCTITY.VICE,ROTTEN (1)
SANCTITY.VICE,ROTTENNESS (1)
SANCTITY.VICE,RUBBISH (1)
SANCTITY.VICE,SATAN (1)
SANCTITY.VICE,SATANIC (1)
SANCTITY.VICE,SATANICALLY (1)
SANCTITY.VICE,SCABIES (1)
SANCTITY.VICE,SCATALOGICAL (1)
SANCTITY.VICE,SCUM (1)
SANCTITY.VICE,SCUMMY (1)
SANCTITY.VICE,SCUZZ (1)
SANCTITY.VICE,SCUZZY (1)
SANCTITY.VICE,SEXUAL (1)
SANCTITY.VICE,SEXUALITY (1)
SANCTITY.VICE,SHAT (1)
SANCTITY.VICE,SHIT (1)
SANCTITY.VICE,SHITE (1)
SANCTITY.VICE,SHITS (1)
SANCTITY.VICE,SHITTER (1)
SANCTITY.VICE,SHITTIER (1)
SANCTITY.VICE,SHITTING (1)
SANCTITY.VICE,SHITTY (1)
SANCTITY.VICE,SIN (1)
SANCTITY.VICE,SINFUL (1)
SANCTITY.VICE,SINFULLY (1)
SANCTITY.VICE,SINFULNESS (1)
SANCTITY.VICE,SINNED (1)
SANCTITY.VICE,SINNER (1)
SANCTITY.VICE,SINNERS (1)
SANCTITY.VICE,SINNING (1)
SANCTITY.VICE,SINS (1)
SANCTITY.VICE,SKANK (1)
SANCTITY.VICE,SKANKED (1)
SANCTITY.VICE,SKANKING (1)
SANCTITY.VICE,SKANKS (1)
SANCTITY.VICE,SKANKY (1)
SANCTITY.VICE,SLEAZE (1)
SANCTITY.VICE,SLEAZINESS (1)
SANCTITY.VICE,SLEAZY (1)
SANCTITY.VICE,SLIME (1)
SANCTITY.VICE,SLIMY (1)
SANCTITY.VICE,SLUT (1)
SANCTITY.VICE,SLUTS (1)
SANCTITY.VICE,SLUTTINESS (1)
SANCTITY.VICE,SLUTTING (1)
SANCTITY.VICE,SLUTTY (1)
SANCTITY.VICE,SODOMY (1)
SANCTITY.VICE,SOILED (1)
SANCTITY.VICE,SPOIL (1)
SANCTITY.VICE,SPOILED (1)
SANCTITY.VICE,SPOILING (1)
SANCTITY.VICE,SPREADING (1)
SANCTITY.VICE,STAIN (1)
SANCTITY.VICE,STAINED (1)
SANCTITY.VICE,STAINING (1)
SANCTITY.VICE,STAINS (1)
SANCTITY.VICE,SULLIED (1)
SANCTITY.VICE,SULLIES (1)
SANCTITY.VICE,SULLY (1)
SANCTITY.VICE,SWEAR (1)
SANCTITY.VICE,SWEARING (1)
SANCTITY.VICE,SWEARS (1)
SANCTITY.VICE,SWORE (1)
SANCTITY.VICE,TAINT (1)
SANCTITY.VICE,TAINTED (1)
SANCTITY.VICE,TAINTING (1)
SANCTITY.VICE,TAINTS (1)
SANCTITY.VICE,TARNISH (1)
SANCTITY.VICE,TARNISHED (1)
SANCTITY.VICE,TARNISHES (1)
SANCTITY.VICE,TARNISHING (1)
SANCTITY.VICE,TARNISHMENT (1)
SANCTITY.VICE,TRASH (1)
SANCTITY.VICE,TRASHED (1)
SANCTITY.VICE,TRASHINESS (1)
SANCTITY.VICE,TRASHING (1)
SANCTITY.VICE,TRASHY (1)
SANCTITY.VICE,UNCLEAN (1)
SANCTITY.VICE,UNCLEANLINESS (1)
SANCTITY.VICE,UNTOUCHABLE (1)
SANCTITY.VICE,UNTOUCHABLES (1)
SANCTITY.VICE,VERMIN (1)
SANCTITY.VICE,VIRAL (1)
SANCTITY.VICE,VIRUS (1)
SANCTITY.VICE,VIRUSES (1)
SANCTITY.VICE,VOMIT (1)
SANCTITY.VICE,VOMITED (1)
SANCTITY.VICE,VOMITING (1)
SANCTITY.VICE,VOMITS (1)
SANCTITY.VICE,WASTE (1)
SANCTITY.VICE,WASTED (1)
SANCTITY.VICE,WASTER (1)
SANCTITY.VICE,WASTERS (1)
SANCTITY.VICE,WASTES (1)
SANCTITY.VICE,WASTING (1)
SANCTITY.VICE,WHORE (1)
SANCTITY.VICE,WHORED (1)
SANCTITY.VICE,WHOREHOUSE (1)
SANCTITY.VICE,WHOREHOUSES (1)
SANCTITY.VICE,WHORES (1)
SANCTITY.VICE,WHORING (1)